Workbook
Name ПластикатИзоляции: 'Данные ТНПА'!$T$1:$T$7
Name ПлотностьИзоляции: Нормы!#REF!
Name ПлотностьКорделя: Нормы!#REF!
Name ПлотностьОболочки: Нормы!#REF!
Name ПлотностьПояснойИзоляции: Нормы!#REF!
Name ТипОболочки: 'Данные ТНПА'!$AB$1:$AB$7

Sheet Нормы
A1: Т - стобец в котором данные взяты из ТНПА ---> | R1: Т | BV1: Т
A2: ГОСТ 16442-80 | H2: Волочение проволоки | I2: Скрутка жилы | Q2: Заготовка опрессованная | Y2: Кордель выпрессованный | Z2: Заготовка скрученная | BU2: Кабель опрессованный | BX2: Расход материалов, кг/км | CL2: Расчётная масса кабеля | CM2: Алюминий | CN2: Медь | CO2: ПВХ изоляция | CP2: ПВХ оболочка
A3: Марка кабеля | B3: Номинальное напряжение, кВ | C3: Материал жилы. | D3: Число жил и сечение, мм2 | G3: Тип жилы | I3: Число и диаметр проволок в жиле, мм | L3: Данные жилы | Q3: Изоляция | Y3: Диаметр корделя, мм | Z3: Диаметр по скрутке изоли- рованных жил, мм | AA3: Нить п/э | AC3: Лента ПЭТ | AI3: Обмотка сердечника полотном иглопробивным термоскрепленым | AO3: Обмотка лентой ПВХ | AU3: Обмотка лентой ПЭ | BA3: Внутренняя оболочка | BD3: ЛЭС | BI3: Броня из стальных оцинкованных лкент | BO3: Экран из медных лент | BU3: =IF(BI9>0,"Защитный шланг","Наружная оболочка") -> Наружная оболочка | CM3: Катанка алюминиевая А1 | CN3: Катанка медная М-01 | CO3: Кабельный пластикат И40-13А | CP3: Кабельный пластикат ОМ-40
M4: Ширина сектора, мм | N4: r | O4: Прорисованное сечение, мм | P4: Периметр, мм | CM4: Катанка алюминиевая А2 | CN4: Катанка медная М-101 | CO4: Кабельный пластикат И40-13 | CP4: Кабельный пластикат М-10
L5: Диаметр круглой жилы, мм | Q5: радиальная толщина, мм | S5: наружные размеры, мм | AA5: кол., шт. | AB5: номинальный наружный размер, мм | AC5: кол., шт. | AD5: толщина×ширина, мм | AG5: Величина перекрытия, % | AH5: номинальный наружный размер, мм | AI5: кол. лент, шт | AJ5: толщина × ширина, мм | AM5: перекрытие, % | AN5: наружный размер, мм | AO5: кол. лент, шт | AP5: толщина × ширина, мм | AS5: перекрытие, % | AT5: наружный размер, мм | AU5: кол. лент, шт | AV5: толщина × ширина, мм | AY5: перекрытие, % | AZ5: наружный размер, мм | BA5: Радиальная толщина, мм | BC5: Наружный размер, мм | BD5: кол., шт. | BE5: толщина, мм. | BF5: ширина, мм. | BG5: величина перекрытия, % | BH5: диаметр по ленте, мм. | BI5: кол., шт. | BJ5: толщина×ширина, мм | BM5: величина зазора, % | BN5: ном. наружный размер, мм | BO5: кол. лент, шт | BP5: толщина × ширина, мм | BS5: перекрытие, % | BT5: ном. наружный размер, мм | BU5: радиальная толщина, мм | BW5: Ном. наружный размер, мм. | BX5: Алюминий | BY5: Медь | BZ5: ПВХ изоляция | CA5: Кабельный пластикат НГП (втор. перераб.) | CB5: Нить п/э техническая многокруточная структуры 111 текс х2х3 | CC5: Лента ПЭТ | CD5: Полотно иглопробивное термоскрепленое | CE5: Лента ПВХ | CF5: Лента ПЭ | CG5: Кабельный пластикат НГП 30-32 | CH5: Стеклолента ЛЭС | CI5: Лента оцинкованная | CJ5: Медная лента | CK5: ПВХ оболочка | CP5: Cable compaund PVC 1235
BA7: мин. | BB7: ном. | BC7: ном.
Q8: мин. | R8: ном. | S8: мин. | V8: ном. | BU8: мин. | BV8: ном.
A9: ВВГ | AA9: 0 | AC9: 2 | AI9: 0 | AJ9: =IF(AI9=0,0,0.5) -> 0 | AL9: =IF(AI9=0,0,60) -> 0 | AO9: =AI9 -> 0 | AP9: =IF(AO9=0,0,0.5) -> 0 | AR9: =IF(AI9=0,0,60) -> 0 | AU9: =AO9 -> 0 | AV9: =IF(AU9=0,0,0.5) -> 0 | AX9: =IF(AI9=0,0,60) -> 0 | BD9: 0 | BE9: =IF(BD9>0,0.2,0) -> 0 | BG9: =IF(BD9>0,30,0) -> 0 | BI9: 0 | BJ9: =IF(BI9=0,0,0.25) -> 0 | BM9: =IF(BI9=0,0,35) -> 0 | BO9: 0 | BP9: =IF(BO9>0,0.1,0) -> 0 | BS9: 35 | BX9: 2.7 | BY9: 8.89 | BZ9: 1.34 | CA9: =IF(CA5="Кабельный пластикат ПВХ (втор. перераб.)",#REF!, IF(CA5="Кабельный пластикат ПВХ нг-LS (втор. перераб.)",#REF!, IF(CA5="Кабельный пластикат НГП (втор. перераб.)",#REF!, IF(CA5="Композиция безгалогенная марки Винтес 3020",#REF!, IF(CA5="Кабельный пластикат ПВХ ХЛ(втор. перераб.)",#REF!, "ошибка"))))) -> #REF! | CB9: 0.69 | CC9: 1.4 | CD9: 0.32 | CE9: 1.487 | CF9: 0.89 | CG9: =IF(CG5="Кабельный пластикат ОМ-40",#REF!, IF(CG5="Кабельный пластикат НГП 30-32",#REF!, IF(CG5="Резиноподобный наполнитель WK 75/25",#REF!, IF(CG5="Кабельный полиэтилен 102-10 КУ ВС",#REF!, IF(CG5="Кабельный пластикат ППО 30-35",#REF!, IF(CG5="Кабельный пластикат ППВ 28",#REF!, IF(CG5="Кабельный пластикат НГП 40-32 (-50C)",#REF!, IF(CG5="Кабельный пластикат Лоусгран 3110 АЭС",#REF!, "ошибка")))))))) -> #REF! | CH9: 1.15 | CI9: 7.8 | CJ9: 8.89 | CK9: 1.4
A10: =IF(D10="",CONCATENATE("Кабель ",IF(C10="а","А",""),$A$9),CONCATENATE("Кабель ",IF(C10="а","А",""),$A$9," ",D10,"*",F10,IF(G10="ок"," (ож)","")," - ",B10," ",IF(G10="мс"," фас. ",""),$A$2)) -> Кабель ВВГ 1*16 - 0,66 ГОСТ 16442-80 | B10: 0.66 | D10: 1 | E10: × | F10: 16 | G10: мк | H10: 1.77 | I10: 7 | J10: × | K10: =ROUNDUP(SQRT(F10/I10/PI()*4*1.07),2) -> 1.77 | L10: 1.39 | Q10: =0.9*R10-0.1 -> 0.71 | R10: =IF(B10=0.66,VLOOKUP(F10,'Данные ТНПА'!$B$8:$C$16,2,0), IF(B10=1,VLOOKUP(F10,'Данные ТНПА'!$B$17:$C$37,2,0),"ошибка")) -> 0.9 | S10: =IF(I10=1,K10+2*Q10,L10+2*Q10) -> 2.81 | V10: =IF(I10=1,K10+2*R10,L10+2*R10) -> 3.19 | Y10: =IF(V10="","",ROUND(V10*IF(AND(D10=4,F10>16),0.414,IF(D10=5,0.702,0)),1)) -> 0 | Z10: =IF(R10="","", IF(G10="мс",2*(V10+(N10+R10)*(1/COS(PI()*(D10-2)/(2*D10))-1)), IF(D10=1,V10*1,IF(D10=2,V10*2,IF(D10=3,V10*2.15,IF(D10=4,V10*2.41,IF(D10=5,V10*2.7,"ошибка"))))))) -> 3.19 | AA10: =IF(G10="","",IF(G10="мс",$AA$9,0)) -> 0 | AB10: =IF(Z10="","",Z10) -> 3.19 | AC10: =IF(G10="","",IF(G10="мс",$AC$9,0)) -> 0 | AD10: =IF(AC10="","",IF(AC10>0,IF(AND(Z10>=10,Z10<=20),0.035,IF(Z10>20,0.05,"ошибка")),0)) -> 0 | AE10: =IF(Z10="","",IF(AND(G10="мс",AC10>0),"×","")) | AF10: =IF(AC10="","",IF(AC10>0,IF(AND(Z10>=10,Z10<=20),50,IF(Z10>20,60,"ошибка")),0)) -> 0 | AG10: =IF(AC10="","",IF(AC10>0,IF(AND(Z10>=10,Z10<=13),40,IF(AND(Z10>=13,Z10<=16),30,IF(Z10>16,25,"ошибка"))),0)) -> 0 | AH10: =IF(Z10="","",IF(AND(G10="мс",AC10>0),Z10+2*AC10*AD10*IF(AG10<=25,1,IF(AG10>33,2,1.5)),Z10)) -> 3.19 | AI10: =IF(OR($AI$9=0,AH10<=10,D10=1,AND(D10>1,F10<=10,OR(G10="ок",G10="мк"))),0,1) -> 0 | AJ10: =IF(AI10=0,0,$AJ$9) -> 0 | AK10: =IF(AI10="","",IF(AI10=0,0,"×")) -> 0 | AL10: =IF(AI10=0,0,$AL$9) -> 0 | AM10: =IF(AI10=0,0, IF(AND(AH10>10,AH10<=13),55, IF(AND(AH10>13,AH10<=15),45, IF(AND(AH10>15,AH10<=18),35, IF(AND(AH10>18,AH10<=20),30, IF(AH10>20,15, 0)))))) -> 0 | AN10: =AH10+2*AI10*AJ10*(IF(AM10<25,1,IF(AM10>33,2,1.5))) -> 3.19 | AO10: =IF(OR(AI10=0,AN10<=10,AN10>23,AND(D10>1,F10<=10,OR(G10="ок",G10="мк"))),0,1) -> 0 | AP10: =IF(OR(AO10=0,AN10>23),0,$AP$9) -> 0 | AQ10: =IF(OR(AN10>23,AO10=0),0,"×") -> 0 | AR10: =IF(OR(AN10>23,AO10=0),0,$AR$9) -> 0 | AS10: =IF(AO10=0,0, IF(AND(AH10>10,AH10<=13),55, IF(AND(AH10>13,AH10<=15),45, IF(AND(AH10>15,AH10<=18),35, IF(AND(AH10>18,AH10<=20),30, IF(AND(AH10>20,AH10<=23),15, 0)))))) -> 0 | AT10: =AN10+2*AO10*AP10*(IF(AS10<25,1,IF(AS10>33,2,1.5))) -> 3.19 | AU10: =IF(OR(AI10=0,D10=1,AN10<=23),0,1) -> 0 | AV10: =IF(OR(AU10=0,AN10<=23),0,$AV$9) -> 0 | AW10: =IF(OR(AN10<=23,AU10=0),0,"×") -> 0 | AX10: =IF(OR(AN10<=23,AU10=0),0,$AX$9) -> 0 | AY10: =IF(AU10=0,0,15) -> 0 | AZ10: =AT10+2*AU10*AV10*(IF(AY10<25,1,IF(AY10>33,2,1.5))) -> 3.19 | BA10: =IF(BB10=0,0, IF(D10=1, (IF(AND(AH10>'Данные ТНПА'!#REF!,AH10<='Данные ТНПА'!#REF!),'Данные ТНПА'!#REF!, IF(AND(AH10>'Данные ТНПА'!#REF!,AH10<='Данные ТНПА'!#REF!),'Данные ТНПА'!#REF!, IF(AND(AH10>'Данные ТНПА'!#REF!,AH10<='Данные ТНПА'!#REF!),'Данные ТНПА'!#REF!, IF(AND(AH10>'Данные ТНПА'!#REF!,AH10<='Данные ТНПА'!#REF!),'Данные ТНПА'!#REF!, IF(AND(AH10>'Данные ТНПА'!#REF!,AH10<='Данные ТНПА'!#REF!),'Данные ТНПА'!#REF!, IF(AND(AH10>'Данные ТНПА'!#REF!,AH10<='Данные ТНПА'!#REF!),'Данные ТНПА'!#REF!, "ошибка_1"))))))), IF(AND(AH10>'Данные ТНПА'!#REF!,AH10<='Данные ТНПА'!#REF!),'Данные ТНПА'!#REF!, IF(AND(AH10>'Данные ТНПА'!#REF!,AH10<='Данные ТНПА'!#REF!),'Данные ТНПА'!#REF!, IF(AND(AH10>'Данные ТНПА'!#REF!,AH10<='Данные ТНПА'!#REF!),'Данные ТНПА'!#REF!, IF(AND(AH10>'Данные ТНПА'!#REF!,AH10<='Данные ТНПА'!#REF!),'Данные ТНПА'!#REF!, IF(AND(AH10>'Данные ТНПА'!#REF!,AH10<='Данные ТНПА'!#REF!),'Данные ТНПА'!#REF!, IF(AND(AH10>'Данные ТНПА'!#REF!,AH10<='Данные ТНПА'!#REF!),'Данные ТНПА'!#REF!, "ошибка_2")))))))) -> 0 | BB10: =IF(OR($AI$9=0,AND(D10>1,F10>10)),0, IF(D10=1, (IF(AND(AH10>'Данные ТНПА'!#REF!,AH10<='Данные ТНПА'!#REF!),'Данные ТНПА'!#REF!, IF(AND(AH10>'Данные ТНПА'!#REF!,AH10<='Данные ТНПА'!#REF!),'Данные ТНПА'!#REF!, IF(AND(AH10>'Данные ТНПА'!#REF!,AH10<='Данные ТНПА'!#REF!),'Данные ТНПА'!#REF!, IF(AND(AH10>'Данные ТНПА'!#REF!,AH10<='Данные ТНПА'!#REF!),'Данные ТНПА'!#REF!, IF(AND(AH10>'Данные ТНПА'!#REF!,AH10<='Данные ТНПА'!#REF!),'Данные ТНПА'!#REF!, IF(AND(AH10>'Данные ТНПА'!#REF!,AH10<='Данные ТНПА'!#REF!),'Данные ТНПА'!#REF!, "ошибка_1"))))))), IF(AND(AH10>'Данные ТНПА'!#REF!,AH10<='Данные ТНПА'!#REF!),'Данные ТНПА'!#REF!, IF(AND(AH10>'Данные ТНПА'!#REF!,AH10<='Данные ТНПА'!#REF!),'Данные ТНПА'!#REF!, IF(AND(AH10>'Данные ТНПА'!#REF!,AH10<='Данные ТНПА'!#REF!),'Данные ТНПА'!#REF!, IF(AND(AH10>'Данные ТНПА'!#REF!,AH10<='Данные ТНПА'!#REF!),'Данные ТНПА'!#REF!, IF(AND(AH10>'Данные ТНПА'!#REF!,AH10<='Данные ТНПА'!#REF!),'Данные ТНПА'!#REF!, IF(AND(AH10>'Данные ТНПА'!#REF!,AH10<='Данные ТНПА'!#REF!),'Данные ТНПА'!#REF!, "ошибка_2")))))))) -> 0 | BC10: =AZ10+2*BB10 -> 3.19 | BD10: =IF(BC10="","", IF(BC10=0,0,$BD$9)) -> 0 | BE10: =IF(BC10="","", IF(BC10=0,0,$BE$9)) -> 0 | BF10: =IF(BC10="","", IF($BD$9=0,0, IF(BC10<=13,20, IF(AND(BC10>13,BC10<=18),30, IF(AND(BC10>18,BC10<=23),40, IF(AND(BC10>23,BC10<=30),50, 60)))))) -> 0 | BG10: =IF(BC10="","",$BG$9) -> 0 | BH10: =IF(BC10="","",BC10+2*BD10*BE10*IF(BG10<=25,1,IF(BG10>33,2,1.5))) -> 3.19 | BI10: =IF(BC10="","",$BI$9) -> 0 | BJ10: =IF(BC10="","",$BJ$9) -> 0 | BK10: =IF(BJ10="","",IF(BJ10<>0,"×",0)) -> 0 | BL10: =IF(BK10="","", IF(BJ10<>0, IF(AND(BC10>7,BC10<=10),15, IF(AND(BC10>10,BC10<=13),20, IF(AND(BC10>13,BC10<=21),30, IF(AND(BC10>21,BC10<=31),40, IF(AND(BC10>31,BC10<=70),50, IF(AND(BC10>70,BC10<=80),60, "ошибка")))))),0)) -> 0 | BM10: =IF(BL10="","",$BM$9) -> 0 | BN10: =IF(BH10="","",BH10+2*BI10*BJ10) -> 3.19 | BO10: =IF(BN10="","",$BO$9) -> 0 | BP10: =IF(BO10="","",IF(BO10>0,$BP$9,0)) -> 0 | BQ10: =IF(BP10="","",IF(BP10>0,"×","")) | BR10: =IF(BN10="","",IF(BO10=0,0,IF(BN10<=19,30,IF(AND(BN10>19,BN10<=23),40,50)))) -> 0 | BS10: =IF(BO10="","",IF(BO10=0,0,$BS$9)) -> 0 | BT10: =IF(BN10="","",BN10+2*BO10*BP10*IF(BS10<=25,1,IF(BS10>33,2,1.5))) -> 3.19 | BU10: =0.85*BV10-0.1 -> 0.92 | BV10: =IF(BT10="","", IF(AND(BT10>'Данные ТНПА'!$K$8,BT10<='Данные ТНПА'!$L$8),'Данные ТНПА'!$N$8, IF(AND(BT10>'Данные ТНПА'!$K$9,BT10<='Данные ТНПА'!$L$9),'Данные ТНПА'!$N$9, IF(AND(BT10>'Данные ТНПА'!$K$10,BT10<='Данные ТНПА'!$L$10),'Данные ТНПА'!$N$10, IF(AND(BT10>'Данные ТНПА'!$K$11,BT10<='Данные ТНПА'!$L$11),'Данные ТНПА'!$N$11, IF(AND(BT10>'Данные ТНПА'!$K$12,BT10<='Данные ТНПА'!$L$12),'Данные ТНПА'!$N$12, IF(AND(BT10>'Данные ТНПА'!$K$13,BT10<='Данные ТНПА'!$L$13),'Данные ТНПА'!$N$13, IF(AND(BT10>'Данные ТНПА'!$K$14,BT10<='Данные ТНПА'!$L$14),'Данные ТНПА'!$N$14)))))))) -> 1.2 | BW10: =BT10+2*BV10 -> 5.59 | BX10: =IF(C10="а",F10*$BX$9*D10*IF(D10>1,1.007,1),0) -> 0 | BY10: =IF(C10="а",0,F10*$BY$9*D10*IF(D10>1,1.007,1)) -> 142.24 | BZ10: =IF(G10="мс",PI()*(P10/PI()+R10)*R10*$BZ$9*1.13*D10*1.007, PI()*(IF(I10=1,K10,L10)+R10)*R10*$BZ$9*D10*IF(D10>1,1.007,1)*IF(I10=1,1,(IF(F10>=4,1.1,1.07)))) -> 9.5438883 | CA10: =PI()*POWER(Y10,2)/4*$CA$9 -> #REF! | CB10: =IF(AA10="","", IF(AA10=2,SQRT((Z10*PI()/50)^2+1)*$CB$9*AA10,0)) -> 0 | CC10: =PI()*(Z10+AC10*AD10)*AC10*AD10*$CC$9*ROUND(100/(100-AG10),2) -> 0 | CD10: =PI()*(AH10+AI10*AJ10)*AI10*AJ10*$CD$9*ROUND(100/(100-AM10),2) -> 0 | CE10: =PI()*(AN10+AO10*AP10)*AO10*AP10*$CE$9*ROUND(100/(100-AS10),2) -> 0 | CF10: =PI()*(AT10+AU10*AV10)*AU10*AV10*$CF$9*ROUND(100/(100-AY10),2) -> 0 | CG10: =IF(CB10="","", IF(BB10=0,0, IF(AND(G10="мс",AC10=0),(PI()*BC10^2/4-D10*(O10+PI()*(P10/PI()+R10)*R10)-((POWER((N10+R10),2)*(D10*TAN(PI()*((D10-2)/(2*D10)))-(PI()*(D10-2)/2)))))*$CG$9, IF(AND(D10>1,OR(G10="ок",G10="мк")),(PI()*BC10^2/4-PI()*V10^2*(D10+2)/8-D10*(SIN(PI()*(D10-2)/D10))/2*(AB10/2-V10/2)^2)*$CG$9, PI()*(AB10+BB10)*BB10*1.07*$CG$9)))) -> 0 | CH10: =IF(BE10="","", IF(BD10=0,0, PI()*(BC10+BD10*BE10)*BD10*BE10*$CH$9*ROUND(100/(100-BG10),2))) -> 0 | CI10: =IF(BH10="","", PI()*(BH10+BI10*BJ10)*BI10*BJ10*$CI$9*ROUND(100/(100+BM10),2)) -> 0 | CJ10: =IF(BO10="","",PI()*(BN10+BO10*BP10)*BO10*BP10*$CJ$9*ROUND(100/(100-BS10),2)) -> 0 | CK10: =PI()*(BT10+BV10)*BV10*IF($BI$9>0,1.1,1.04)*$CK$9 -> 24.096669 | CL10: =BX10+BY10+BZ10+CK10 -> 175.88056
A11: =IF(D11="",CONCATENATE("Кабель ",IF(C11="а","А",""),$A$9),CONCATENATE("Кабель ",IF(C11="а","А",""),$A$9," ",D11,"*",F11,IF(G11="ок"," (ож)","")," - ",B11," ",IF(G11="мс"," фас. ",""),$A$2)) -> Кабель ВВГ 1*25 - 0,66 ГОСТ 16442-80 | B11: 0.66 | D11: 1 | E11: × | F11: 25 | G11: мк | H11: 2.21 | I11: 7 | J11: × | K11: =ROUNDUP(SQRT(F11/I11/PI()*4*1.07),2) -> 2.21 | L11: 1.79 | Q11: =0.9*R11-0.1 -> 0.89 | R11: =IF(B11=0.66,VLOOKUP(F11,'Данные ТНПА'!$B$8:$C$16,2,0), IF(B11=1,VLOOKUP(F11,'Данные ТНПА'!$B$17:$C$37,2,0),"ошибка")) -> 1.1 | S11: =IF(I11=1,K11+2*Q11,L11+2*Q11) -> 3.57 | V11: =IF(I11=1,K11+2*R11,L11+2*R11) -> 3.99 | Y11: =IF(V11="","",ROUND(V11*IF(AND(D11=4,F11>16),0.414,IF(D11=5,0.702,0)),1)) -> 0 | Z11: =IF(R11="","", IF(G11="мс",2*(V11+(N11+R11)*(1/COS(PI()*(D11-2)/(2*D11))-1)), IF(D11=1,V11*1,IF(D11=2,V11*2,IF(D11=3,V11*2.15,IF(D11=4,V11*2.41,IF(D11=5,V11*2.7,"ошибка"))))))) -> 3.99 | AA11: =IF(G11="","",IF(G11="мс",$AA$9,0)) -> 0 | AB11: =IF(Z11="","",Z11) -> 3.99 | AC11: =IF(G11="","",IF(G11="мс",$AC$9,0)) -> 0 | AD11: =IF(AC11="","",IF(AC11>0,IF(AND(Z11>=10,Z11<=20),0.035,IF(Z11>20,0.05,"ошибка")),0)) -> 0 | AE11: =IF(Z11="","",IF(AND(G11="мс",AC11>0),"×","")) | AF11: =IF(AC11="","",IF(AC11>0,IF(AND(Z11>=10,Z11<=20),50,IF(Z11>20,60,"ошибка")),0)) -> 0 | AG11: =IF(AC11="","",IF(AC11>0,IF(AND(Z11>=10,Z11<=13),40,IF(AND(Z11>=13,Z11<=16),30,IF(Z11>16,25,"ошибка"))),0)) -> 0 | AH11: =IF(Z11="","",IF(AND(G11="мс",AC11>0),Z11+2*AC11*AD11*IF(AG11<=25,1,IF(AG11>33,2,1.5)),Z11)) -> 3.99 | AI11: =AM14 -> 0 | AJ11: =IF(AI11=0,0,$AJ$9) -> 0 | AK11: =IF(AI11="","",IF(AI11=0,0,"×")) -> 0 | AL11: =IF(AI11=0,0,$AL$9) -> 0 | AM11: =IF(AI11=0,0, IF(AND(AH11>10,AH11<=13),55, IF(AND(AH11>13,AH11<=15),45, IF(AND(AH11>15,AH11<=18),35, IF(AND(AH11>18,AH11<=20),30, IF(AH11>20,15, 0)))))) -> 0 | AN11: =AH11+2*AI11*AJ11*(IF(AM11<25,1,IF(AM11>33,2,1.5))) -> 3.99 | AO11: =IF(OR(AI11=0,AN11<=10,AN11>23,AND(D11>1,F11<=10,OR(G11="ок",G11="мк"))),0,1) -> 0 | AP11: =IF(OR(AO11=0,AN11>23),0,$AP$9) -> 0 | AQ11: =IF(OR(AN11>23,AO11=0),0,"×") -> 0 | AR11: =IF(OR(AN11>23,AO11=0),0,$AR$9) -> 0 | AS11: =IF(AO11=0,0, IF(AND(AH11>10,AH11<=13),55, IF(AND(AH11>13,AH11<=15),45, IF(AND(AH11>15,AH11<=18),35, IF(AND(AH11>18,AH11<=20),30, IF(AND(AH11>20,AH11<=23),15, 0)))))) -> 0 | AT11: =AN11+2*AO11*AP11*(IF(AS11<25,1,IF(AS11>33,2,1.5))) -> 3.99 | AU11: =IF(OR(AI11=0,D11=1,AN11<=23),0,1) -> 0 | AV11: =IF(OR(AU11=0,AN11<=23),0,$AV$9) -> 0 | AW11: =IF(OR(AN11<=23,AU11=0),0,"×") -> 0 | AX11: =IF(OR(AN11<=23,AU11=0),0,$AX$9) -> 0 | AY11: =IF(AU11=0,0,15) -> 0 | AZ11: =AT11+2*AU11*AV11*(IF(AY11<25,1,IF(AY11>33,2,1.5))) -> 3.99 | BA11: =IF(BB11=0,0, IF(D11=1, (IF(AND(AH11>'Данные ТНПА'!#REF!,AH11<='Данные ТНПА'!#REF!),'Данные ТНПА'!#REF!, IF(AND(AH11>'Данные ТНПА'!#REF!,AH11<='Данные ТНПА'!#REF!),'Данные ТНПА'!#REF!, IF(AND(AH11>'Данные ТНПА'!#REF!,AH11<='Данные ТНПА'!#REF!),'Данные ТНПА'!#REF!, IF(AND(AH11>'Данные ТНПА'!#REF!,AH11<='Данные ТНПА'!#REF!),'Данные ТНПА'!#REF!, IF(AND(AH11>'Данные ТНПА'!#REF!,AH11<='Данные ТНПА'!#REF!),'Данные ТНПА'!#REF!, IF(AND(AH11>'Данные ТНПА'!#REF!,AH11<='Данные ТНПА'!#REF!),'Данные ТНПА'!#REF!, "ошибка_1"))))))), IF(AND(AH11>'Данные ТНПА'!#REF!,AH11<='Данные ТНПА'!#REF!),'Данные ТНПА'!#REF!, IF(AND(AH11>'Данные ТНПА'!#REF!,AH11<='Данные ТНПА'!#REF!),'Данные ТНПА'!#REF!, IF(AND(AH11>'Данные ТНПА'!#REF!,AH11<='Данные ТНПА'!#REF!),'Данные ТНПА'!#REF!, IF(AND(AH11>'Данные ТНПА'!#REF!,AH11<='Данные ТНПА'!#REF!),'Данные ТНПА'!#REF!, IF(AND(AH11>'Данные ТНПА'!#REF!,AH11<='Данные ТНПА'!#REF!),'Данные ТНПА'!#REF!, IF(AND(AH11>'Данные ТНПА'!#REF!,AH11<='Данные ТНПА'!#REF!),'Данные ТНПА'!#REF!, "ошибка_2")))))))) -> 0 | BB11: =IF(OR($AI$9=0,AND(D11>1,F11>10)),0, IF(D11=1, (IF(AND(AH11>'Данные ТНПА'!#REF!,AH11<='Данные ТНПА'!#REF!),'Данные ТНПА'!#REF!, IF(AND(AH11>'Данные ТНПА'!#REF!,AH11<='Данные ТНПА'!#REF!),'Данные ТНПА'!#REF!, IF(AND(AH11>'Данные ТНПА'!#REF!,AH11<='Данные ТНПА'!#REF!),'Данные ТНПА'!#REF!, IF(AND(AH11>'Данные ТНПА'!#REF!,AH11<='Данные ТНПА'!#REF!),'Данные ТНПА'!#REF!, IF(AND(AH11>'Данные ТНПА'!#REF!,AH11<='Данные ТНПА'!#REF!),'Данные ТНПА'!#REF!, IF(AND(AH11>'Данные ТНПА'!#REF!,AH11<='Данные ТНПА'!#REF!),'Данные ТНПА'!#REF!, "ошибка_1"))))))), IF(AND(AH11>'Данные ТНПА'!#REF!,AH11<='Данные ТНПА'!#REF!),'Данные ТНПА'!#REF!, IF(AND(AH11>'Данные ТНПА'!#REF!,AH11<='Данные ТНПА'!#REF!),'Данные ТНПА'!#REF!, IF(AND(AH11>'Данные ТНПА'!#REF!,AH11<='Данные ТНПА'!#REF!),'Данные ТНПА'!#REF!, IF(AND(AH11>'Данные ТНПА'!#REF!,AH11<='Данные ТНПА'!#REF!),'Данные ТНПА'!#REF!, IF(AND(AH11>'Данные ТНПА'!#REF!,AH11<='Данные ТНПА'!#REF!),'Данные ТНПА'!#REF!, IF(AND(AH11>'Данные ТНПА'!#REF!,AH11<='Данные ТНПА'!#REF!),'Данные ТНПА'!#REF!, "ошибка_2")))))))) -> 0 | BC11: =AZ11+2*BB11 -> 3.99 | BD11: =IF(BC11="","", IF(BC11=0,0,$BD$9)) -> 0 | BE11: =IF(BC11="","", IF(BC11=0,0,$BE$9)) -> 0 | BF11: =IF(BC11="","", IF($BD$9=0,0, IF(BC11<=13,20, IF(AND(BC11>13,BC11<=18),30, IF(AND(BC11>18,BC11<=23),40, IF(AND(BC11>23,BC11<=30),50, 60)))))) -> 0 | BG11: =IF(BC11="","",$BG$9) -> 0 | BH11: =IF(BC11="","",BC11+2*BD11*BE11*IF(BG11<=25,1,IF(BG11>33,2,1.5))) -> 3.99 | BI11: =IF(BC11="","",$BI$9) -> 0 | BJ11: =IF(BC11="","",$BJ$9) -> 0 | BK11: =IF(BJ11="","",IF(BJ11<>0,"×",0)) -> 0 | BL11: =IF(BK11="","", IF(BJ11<>0, IF(AND(BC11>7,BC11<=10),15, IF(AND(BC11>10,BC11<=13),20, IF(AND(BC11>13,BC11<=21),30, IF(AND(BC11>21,BC11<=31),40, IF(AND(BC11>31,BC11<=70),50, IF(AND(BC11>70,BC11<=80),60, "ошибка")))))),0)) -> 0 | BM11: =IF(BL11="","",$BM$9) -> 0 | BN11: =IF(BH11="","",BH11+2*BI11*BJ11) -> 3.99 | BO11: =IF(BN11="","",$BO$9) -> 0 | BP11: =IF(BO11="","",IF(BO11>0,$BP$9,0)) -> 0 | BQ11: =IF(BP11="","",IF(BP11>0,"×","")) | BR11: =IF(BN11="","",IF(BO11=0,0,IF(BN11<=19,30,IF(AND(BN11>19,BN11<=23),40,50)))) -> 0 | BS11: =IF(BO11="","",IF(BO11=0,0,$BS$9)) -> 0 | BT11: =IF(BN11="","",BN11+2*BO11*BP11*IF(BS11<=25,1,IF(BS11>33,2,1.5))) -> 3.99 | BU11: =0.85*BV11-0.1 -> 0.92 | BV11: =IF(BT11="","", IF(AND(BT11>'Данные ТНПА'!$K$8,BT11<='Данные ТНПА'!$L$8),'Данные ТНПА'!$N$8, IF(AND(BT11>'Данные ТНПА'!$K$9,BT11<='Данные ТНПА'!$L$9),'Данные ТНПА'!$N$9, IF(AND(BT11>'Данные ТНПА'!$K$10,BT11<='Данные ТНПА'!$L$10),'Данные ТНПА'!$N$10, IF(AND(BT11>'Данные ТНПА'!$K$11,BT11<='Данные ТНПА'!$L$11),'Данные ТНПА'!$N$11, IF(AND(BT11>'Данные ТНПА'!$K$12,BT11<='Данные ТНПА'!$L$12),'Данные ТНПА'!$N$12, IF(AND(BT11>'Данные ТНПА'!$K$13,BT11<='Данные ТНПА'!$L$13),'Данные ТНПА'!$N$13, IF(AND(BT11>'Данные ТНПА'!$K$14,BT11<='Данные ТНПА'!$L$14),'Данные ТНПА'!$N$14)))))))) -> 1.2 | BW11: =BT11+2*BV11 -> 6.39 | BX11: =IF(C11="а",F11*$BX$9*D11*IF(D11>1,1.007,1),0) -> 0 | BY11: =IF(C11="а",0,F11*$BY$9*D11*IF(D11>1,1.007,1)) -> 222.25 | BZ11: =IF(G11="мс",PI()*(P11/PI()+R11)*R11*$BZ$9*1.13*D11*1.007, PI()*(IF(I11=1,K11,L11)+R11)*R11*$BZ$9*D11*IF(D11>1,1.007,1)*IF(I11=1,1,(IF(F11>=4,1.1,1.07)))) -> 14.721019 | CA11: =PI()*POWER(Y11,2)/4*$CA$9 -> #REF! | CB11: =IF(AA11="","", IF(AA11=2,SQRT((Z11*PI()/50)^2+1)*$CB$9*AA11,0)) -> 0 | CC11: =PI()*(Z11+AC11*AD11)*AC11*AD11*$CC$9*ROUND(100/(100-AG11),2) -> 0 | CD11: =PI()*(AH11+AI11*AJ11)*AI11*AJ11*$CD$9*ROUND(100/(100-AM11),2) -> 0 | CE11: =PI()*(AN11+AO11*AP11)*AO11*AP11*$CE$9*ROUND(100/(100-AS11),2) -> 0 | CF11: =PI()*(AT11+AU11*AV11)*AU11*AV11*$CF$9*ROUND(100/(100-AY11),2) -> 0 | CG11: =IF(CB11="","", IF(BB11=0,0, IF(AND(G11="мс",AC11=0),(PI()*BC11^2/4-D11*(O11+PI()*(P11/PI()+R11)*R11)-((POWER((N11+R11),2)*(D11*TAN(PI()*((D11-2)/(2*D11)))-(PI()*(D11-2)/2)))))*$CG$9, IF(AND(D11>1,OR(G11="ок",G11="мк")),(PI()*BC11^2/4-PI()*V11^2*(D11+2)/8-D11*(SIN(PI()*(D11-2)/D11))/2*(AB11/2-V11/2)^2)*$CG$9, PI()*(AB11+BB11)*BB11*1.07*$CG$9)))) -> 0 | CH11: =IF(BE11="","", IF(BD11=0,0, PI()*(BC11+BD11*BE11)*BD11*BE11*$CH$9*ROUND(100/(100-BG11),2))) -> 0 | CI11: =IF(BH11="","", PI()*(BH11+BI11*BJ11)*BI11*BJ11*$CI$9*ROUND(100/(100+BM11),2)) -> 0 | CJ11: =IF(BO11="","",PI()*(BN11+BO11*BP11)*BO11*BP11*$CJ$9*ROUND(100/(100-BS11),2)) -> 0 | CK11: =PI()*(BT11+BV11)*BV11*IF($BI$9>0,1.1,1.04)*$CK$9 -> 28.487862 | CL11: =BX11+BY11+BZ11+CK11 -> 265.45888
A12: =IF(D12="",CONCATENATE("Кабель ",IF(C12="а","А",""),$A$9),CONCATENATE("Кабель ",IF(C12="а","А",""),$A$9," ",D12,"*",F12,IF(G12="ок"," (ож)","")," - ",B12," ",IF(G12="мс"," фас. ",""),$A$2)) -> Кабель ВВГ 1*35 - 0,66 ГОСТ 16442-80 | B12: 0.66 | D12: 1 | E12: × | F12: 35 | G12: мк | H12: 2.61 | I12: 7 | J12: × | K12: =ROUNDUP(SQRT(F12/I12/PI()*4*1.07),2) -> 2.61 | L12: 2.26 | Q12: =0.9*R12-0.1 -> 0.89 | R12: =IF(B12=0.66,VLOOKUP(F12,'Данные ТНПА'!$B$8:$C$16,2,0), IF(B12=1,VLOOKUP(F12,'Данные ТНПА'!$B$17:$C$37,2,0),"ошибка")) -> 1.1 | S12: =IF(I12=1,K12+2*Q12,L12+2*Q12) -> 4.04 | V12: =IF(I12=1,K12+2*R12,L12+2*R12) -> 4.46 | Y12: =IF(V12="","",ROUND(V12*IF(AND(D12=4,F12>16),0.414,IF(D12=5,0.702,0)),1)) -> 0 | Z12: =IF(R12="","", IF(G12="мс",2*(V12+(N12+R12)*(1/COS(PI()*(D12-2)/(2*D12))-1)), IF(D12=1,V12*1,IF(D12=2,V12*2,IF(D12=3,V12*2.15,IF(D12=4,V12*2.41,IF(D12=5,V12*2.7,"ошибка"))))))) -> 4.46 | AA12: =IF(G12="","",IF(G12="мс",$AA$9,0)) -> 0 | AB12: =IF(Z12="","",Z12) -> 4.46 | AC12: =IF(G12="","",IF(G12="мс",$AC$9,0)) -> 0 | AD12: =IF(AC12="","",IF(AC12>0,IF(AND(Z12>=10,Z12<=20),0.035,IF(Z12>20,0.05,"ошибка")),0)) -> 0 | AE12: =IF(Z12="","",IF(AND(G12="мс",AC12>0),"×","")) | AF12: =IF(AC12="","",IF(AC12>0,IF(AND(Z12>=10,Z12<=20),50,IF(Z12>20,60,"ошибка")),0)) -> 0 | AG12: =IF(AC12="","",IF(AC12>0,IF(AND(Z12>=10,Z12<=13),40,IF(AND(Z12>=13,Z12<=16),30,IF(Z12>16,25,"ошибка"))),0)) -> 0 | AH12: =IF(Z12="","",IF(AND(G12="мс",AC12>0),Z12+2*AC12*AD12*IF(AG12<=25,1,IF(AG12>33,2,1.5)),Z12)) -> 4.46 | AI12: =IF(OR($AI$9=0,AH12<=10,D12=1,AND(D12>1,F12<=10,OR(G12="ок",G12="мк"))),0,1) -> 0 | AJ12: =IF(AI12=0,0,$AJ$9) -> 0 | AK12: =IF(AI12="","",IF(AI12=0,0,"×")) -> 0 | AL12: =IF(AI12=0,0,$AL$9) -> 0 | AM12: =IF(AI12=0,0, IF(AND(AH12>10,AH12<=13),55, IF(AND(AH12>13,AH12<=15),45, IF(AND(AH12>15,AH12<=18),35, IF(AND(AH12>18,AH12<=20),30, IF(AH12>20,15, 0)))))) -> 0 | AN12: =AH12+2*AI12*AJ12*(IF(AM12<25,1,IF(AM12>33,2,1.5))) -> 4.46 | AO12: =IF(OR(AI12=0,AN12<=10,AN12>23,AND(D12>1,F12<=10,OR(G12="ок",G12="мк"))),0,1) -> 0 | AP12: =IF(OR(AO12=0,AN12>23),0,$AP$9) -> 0 | AQ12: =IF(OR(AN12>23,AO12=0),0,"×") -> 0 | AR12: =IF(OR(AN12>23,AO12=0),0,$AR$9) -> 0 | AS12: =IF(AO12=0,0, IF(AND(AH12>10,AH12<=13),55, IF(AND(AH12>13,AH12<=15),45, IF(AND(AH12>15,AH12<=18),35, IF(AND(AH12>18,AH12<=20),30, IF(AND(AH12>20,AH12<=23),15, 0)))))) -> 0 | AT12: =AN12+2*AO12*AP12*(IF(AS12<25,1,IF(AS12>33,2,1.5))) -> 4.46 | AU12: =IF(OR(AI12=0,D12=1,AN12<=23),0,1) -> 0 | AV12: =IF(OR(AU12=0,AN12<=23),0,$AV$9) -> 0 | AW12: =IF(OR(AN12<=23,AU12=0),0,"×") -> 0 | AX12: =IF(OR(AN12<=23,AU12=0),0,$AX$9) -> 0 | AY12: =IF(AU12=0,0,15) -> 0 | AZ12: =AT12+2*AU12*AV12*(IF(AY12<25,1,IF(AY12>33,2,1.5))) -> 4.46 | BA12: =IF(BB12=0,0, IF(D12=1, (IF(AND(AH12>'Данные ТНПА'!#REF!,AH12<='Данные ТНПА'!#REF!),'Данные ТНПА'!#REF!, IF(AND(AH12>'Данные ТНПА'!#REF!,AH12<='Данные ТНПА'!#REF!),'Данные ТНПА'!#REF!, IF(AND(AH12>'Данные ТНПА'!#REF!,AH12<='Данные ТНПА'!#REF!),'Данные ТНПА'!#REF!, IF(AND(AH12>'Данные ТНПА'!#REF!,AH12<='Данные ТНПА'!#REF!),'Данные ТНПА'!#REF!, IF(AND(AH12>'Данные ТНПА'!#REF!,AH12<='Данные ТНПА'!#REF!),'Данные ТНПА'!#REF!, IF(AND(AH12>'Данные ТНПА'!#REF!,AH12<='Данные ТНПА'!#REF!),'Данные ТНПА'!#REF!, "ошибка_1"))))))), IF(AND(AH12>'Данные ТНПА'!#REF!,AH12<='Данные ТНПА'!#REF!),'Данные ТНПА'!#REF!, IF(AND(AH12>'Данные ТНПА'!#REF!,AH12<='Данные ТНПА'!#REF!),'Данные ТНПА'!#REF!, IF(AND(AH12>'Данные ТНПА'!#REF!,AH12<='Данные ТНПА'!#REF!),'Данные ТНПА'!#REF!, IF(AND(AH12>'Данные ТНПА'!#REF!,AH12<='Данные ТНПА'!#REF!),'Данные ТНПА'!#REF!, IF(AND(AH12>'Данные ТНПА'!#REF!,AH12<='Данные ТНПА'!#REF!),'Данные ТНПА'!#REF!, IF(AND(AH12>'Данные ТНПА'!#REF!,AH12<='Данные ТНПА'!#REF!),'Данные ТНПА'!#REF!, "ошибка_2")))))))) -> 0 | BB12: =IF(OR($AI$9=0,AND(D12>1,F12>10)),0, IF(D12=1, (IF(AND(AH12>'Данные ТНПА'!#REF!,AH12<='Данные ТНПА'!#REF!),'Данные ТНПА'!#REF!, IF(AND(AH12>'Данные ТНПА'!#REF!,AH12<='Данные ТНПА'!#REF!),'Данные ТНПА'!#REF!, IF(AND(AH12>'Данные ТНПА'!#REF!,AH12<='Данные ТНПА'!#REF!),'Данные ТНПА'!#REF!, IF(AND(AH12>'Данные ТНПА'!#REF!,AH12<='Данные ТНПА'!#REF!),'Данные ТНПА'!#REF!, IF(AND(AH12>'Данные ТНПА'!#REF!,AH12<='Данные ТНПА'!#REF!),'Данные ТНПА'!#REF!, IF(AND(AH12>'Данные ТНПА'!#REF!,AH12<='Данные ТНПА'!#REF!),'Данные ТНПА'!#REF!, "ошибка_1"))))))), IF(AND(AH12>'Данные ТНПА'!#REF!,AH12<='Данные ТНПА'!#REF!),'Данные ТНПА'!#REF!, IF(AND(AH12>'Данные ТНПА'!#REF!,AH12<='Данные ТНПА'!#REF!),'Данные ТНПА'!#REF!, IF(AND(AH12>'Данные ТНПА'!#REF!,AH12<='Данные ТНПА'!#REF!),'Данные ТНПА'!#REF!, IF(AND(AH12>'Данные ТНПА'!#REF!,AH12<='Данные ТНПА'!#REF!),'Данные ТНПА'!#REF!, IF(AND(AH12>'Данные ТНПА'!#REF!,AH12<='Данные ТНПА'!#REF!),'Данные ТНПА'!#REF!, IF(AND(AH12>'Данные ТНПА'!#REF!,AH12<='Данные ТНПА'!#REF!),'Данные ТНПА'!#REF!, "ошибка_2")))))))) -> 0 | BC12: =AZ12+2*BB12 -> 4.46 | BD12: =IF(BC12="","", IF(BC12=0,0,$BD$9)) -> 0 | BE12: =IF(BC12="","", IF(BC12=0,0,$BE$9)) -> 0 | BF12: =IF(BC12="","", IF($BD$9=0,0, IF(BC12<=13,20, IF(AND(BC12>13,BC12<=18),30, IF(AND(BC12>18,BC12<=23),40, IF(AND(BC12>23,BC12<=30),50, 60)))))) -> 0 | BG12: =IF(BC12="","",$BG$9) -> 0 | BH12: =IF(BC12="","",BC12+2*BD12*BE12*IF(BG12<=25,1,IF(BG12>33,2,1.5))) -> 4.46 | BI12: =IF(BC12="","",$BI$9) -> 0 | BJ12: =IF(BC12="","",$BJ$9) -> 0 | BK12: =IF(BJ12="","",IF(BJ12<>0,"×",0)) -> 0 | BL12: =IF(BK12="","", IF(BJ12<>0, IF(AND(BC12>7,BC12<=10),15, IF(AND(BC12>10,BC12<=13),20, IF(AND(BC12>13,BC12<=21),30, IF(AND(BC12>21,BC12<=31),40, IF(AND(BC12>31,BC12<=70),50, IF(AND(BC12>70,BC12<=80),60, "ошибка")))))),0)) -> 0 | BM12: =IF(BL12="","",$BM$9) -> 0 | BN12: =IF(BH12="","",BH12+2*BI12*BJ12) -> 4.46 | BO12: =IF(BN12="","",$BO$9) -> 0 | BP12: =IF(BO12="","",IF(BO12>0,$BP$9,0)) -> 0 | BQ12: =IF(BP12="","",IF(BP12>0,"×","")) | BR12: =IF(BN12="","",IF(BO12=0,0,IF(BN12<=19,30,IF(AND(BN12>19,BN12<=23),40,50)))) -> 0 | BS12: =IF(BO12="","",IF(BO12=0,0,$BS$9)) -> 0 | BT12: =IF(BN12="","",BN12+2*BO12*BP12*IF(BS12<=25,1,IF(BS12>33,2,1.5))) -> 4.46 | BU12: =0.85*BV12-0.1 -> 0.92 | BV12: =IF(BT12="","", IF(AND(BT12>'Данные ТНПА'!$K$8,BT12<='Данные ТНПА'!$L$8),'Данные ТНПА'!$N$8, IF(AND(BT12>'Данные ТНПА'!$K$9,BT12<='Данные ТНПА'!$L$9),'Данные ТНПА'!$N$9, IF(AND(BT12>'Данные ТНПА'!$K$10,BT12<='Данные ТНПА'!$L$10),'Данные ТНПА'!$N$10, IF(AND(BT12>'Данные ТНПА'!$K$11,BT12<='Данные ТНПА'!$L$11),'Данные ТНПА'!$N$11, IF(AND(BT12>'Данные ТНПА'!$K$12,BT12<='Данные ТНПА'!$L$12),'Данные ТНПА'!$N$12, IF(AND(BT12>'Данные ТНПА'!$K$13,BT12<='Данные ТНПА'!$L$13),'Данные ТНПА'!$N$13, IF(AND(BT12>'Данные ТНПА'!$K$14,BT12<='Данные ТНПА'!$L$14),'Данные ТНПА'!$N$14)))))))) -> 1.2 | BW12: =BT12+2*BV12 -> 6.86 | BX12: =IF(C12="а",F12*$BX$9*D12*IF(D12>1,1.007,1),0) -> 0 | BY12: =IF(C12="а",0,F12*$BY$9*D12*IF(D12>1,1.007,1)) -> 311.15 | BZ12: =IF(G12="мс",PI()*(P12/PI()+R12)*R12*$BZ$9*1.13*D12*1.007, PI()*(IF(I12=1,K12,L12)+R12)*R12*$BZ$9*D12*IF(D12>1,1.007,1)*IF(I12=1,1,(IF(F12>=4,1.1,1.07)))) -> 17.115095 | CA12: =PI()*POWER(Y12,2)/4*$CA$9 -> #REF! | CB12: =IF(AA12="","", IF(AA12=2,SQRT((Z12*PI()/50)^2+1)*$CB$9*AA12,0)) -> 0 | CC12: =PI()*(Z12+AC12*AD12)*AC12*AD12*$CC$9*ROUND(100/(100-AG12),2) -> 0 | CD12: =PI()*(AH12+AI12*AJ12)*AI12*AJ12*$CD$9*ROUND(100/(100-AM12),2) -> 0 | CE12: =PI()*(AN12+AO12*AP12)*AO12*AP12*$CE$9*ROUND(100/(100-AS12),2) -> 0 | CF12: =PI()*(AT12+AU12*AV12)*AU12*AV12*$CF$9*ROUND(100/(100-AY12),2) -> 0 | CG12: =IF(CB12="","", IF(BB12=0,0, IF(AND(G12="мс",AC12=0),(PI()*BC12^2/4-D12*(O12+PI()*(P12/PI()+R12)*R12)-((POWER((N12+R12),2)*(D12*TAN(PI()*((D12-2)/(2*D12)))-(PI()*(D12-2)/2)))))*$CG$9, IF(AND(D12>1,OR(G12="ок",G12="мк")),(PI()*BC12^2/4-PI()*V12^2*(D12+2)/8-D12*(SIN(PI()*(D12-2)/D12))/2*(AB12/2-V12/2)^2)*$CG$9, PI()*(AB12+BB12)*BB12*1.07*$CG$9)))) -> 0 | CH12: =IF(BE12="","", IF(BD12=0,0, PI()*(BC12+BD12*BE12)*BD12*BE12*$CH$9*ROUND(100/(100-BG12),2))) -> 0 | CI12: =IF(BH12="","", PI()*(BH12+BI12*BJ12)*BI12*BJ12*$CI$9*ROUND(100/(100+BM12),2)) -> 0 | CJ12: =IF(BO12="","",PI()*(BN12+BO12*BP12)*BO12*BP12*$CJ$9*ROUND(100/(100-BS12),2)) -> 0 | CK12: =PI()*(BT12+BV12)*BV12*IF($BI$9>0,1.1,1.04)*$CK$9 -> 31.067687 | CL12: =BX12+BY12+BZ12+CK12 -> 359.33278
A13: =IF(D13="",CONCATENATE("Кабель ",IF(C13="а","А",""),$A$9),CONCATENATE("Кабель ",IF(C13="а","А",""),$A$9," ",D13,"*",F13,IF(G13="ок"," (ож)","")," - ",B13," ",IF(G13="мс"," фас. ",""),$A$2)) -> Кабель ВВГ 1*50 - 0,66 ГОСТ 16442-80 | B13: 0.66 | D13: 1 | E13: × | F13: 50 | G13: мк | H13: 3.12 | I13: 7 | J13: × | K13: =ROUNDUP(SQRT(F13/I13/PI()*4*1.07),2) -> 3.12 | L13: 2.77 | Q13: =0.9*R13-0.1 -> 1.07 | R13: =IF(B13=0.66,VLOOKUP(F13,'Данные ТНПА'!$B$8:$C$16,2,0), IF(B13=1,VLOOKUP(F13,'Данные ТНПА'!$B$17:$C$37,2,0),"ошибка")) -> 1.3 | S13: =IF(I13=1,K13+2*Q13,L13+2*Q13) -> 4.91 | V13: =IF(I13=1,K13+2*R13,L13+2*R13) -> 5.37 | Y13: =IF(V13="","",ROUND(V13*IF(AND(D13=4,F13>16),0.414,IF(D13=5,0.702,0)),1)) -> 0 | Z13: =IF(R13="","", IF(G13="мс",2*(V13+(N13+R13)*(1/COS(PI()*(D13-2)/(2*D13))-1)), IF(D13=1,V13*1,IF(D13=2,V13*2,IF(D13=3,V13*2.15,IF(D13=4,V13*2.41,IF(D13=5,V13*2.7,"ошибка"))))))) -> 5.37 | AA13: =IF(G13="","",IF(G13="мс",$AA$9,0)) -> 0 | AB13: =IF(Z13="","",Z13) -> 5.37 | AC13: =IF(G13="","",IF(G13="мс",$AC$9,0)) -> 0 | AD13: =IF(AC13="","",IF(AC13>0,IF(AND(Z13>=10,Z13<=20),0.035,IF(Z13>20,0.05,"ошибка")),0)) -> 0 | AE13: =IF(Z13="","",IF(AND(G13="мс",AC13>0),"×","")) | AF13: =IF(AC13="","",IF(AC13>0,IF(AND(Z13>=10,Z13<=20),50,IF(Z13>20,60,"ошибка")),0)) -> 0 | AG13: =IF(AC13="","",IF(AC13>0,IF(AND(Z13>=10,Z13<=13),40,IF(AND(Z13>=13,Z13<=16),30,IF(Z13>16,25,"ошибка"))),0)) -> 0 | AH13: =IF(Z13="","",IF(AND(G13="мс",AC13>0),Z13+2*AC13*AD13*IF(AG13<=25,1,IF(AG13>33,2,1.5)),Z13)) -> 5.37 | AI13: =IF(OR($AI$9=0,AH13<=10,D13=1,AND(D13>1,F13<=10,OR(G13="ок",G13="мк"))),0,1) -> 0 | AJ13: =IF(AI13=0,0,$AJ$9) -> 0 | AK13: =IF(AI13="","",IF(AI13=0,0,"×")) -> 0 | AL13: =IF(AI13=0,0,$AL$9) -> 0 | AM13: =IF(AI13=0,0, IF(AND(AH13>10,AH13<=13),55, IF(AND(AH13>13,AH13<=15),45, IF(AND(AH13>15,AH13<=18),35, IF(AND(AH13>18,AH13<=20),30, IF(AH13>20,15, 0)))))) -> 0 | AN13: =AH13+2*AI13*AJ13*(IF(AM13<25,1,IF(AM13>33,2,1.5))) -> 5.37 | AO13: =IF(OR(AI13=0,AN13<=10,AN13>23,AND(D13>1,F13<=10,OR(G13="ок",G13="мк"))),0,1) -> 0 | AP13: =IF(OR(AO13=0,AN13>23),0,$AP$9) -> 0 | AQ13: =IF(OR(AN13>23,AO13=0),0,"×") -> 0 | AR13: =IF(OR(AN13>23,AO13=0),0,$AR$9) -> 0 | AS13: =IF(AO13=0,0, IF(AND(AH13>10,AH13<=13),55, IF(AND(AH13>13,AH13<=15),45, IF(AND(AH13>15,AH13<=18),35, IF(AND(AH13>18,AH13<=20),30, IF(AND(AH13>20,AH13<=23),15, 0)))))) -> 0 | AT13: =AN13+2*AO13*AP13*(IF(AS13<25,1,IF(AS13>33,2,1.5))) -> 5.37 | AU13: =IF(OR(AI13=0,D13=1,AN13<=23),0,1) -> 0 | AV13: =IF(OR(AU13=0,AN13<=23),0,$AV$9) -> 0 | AW13: =IF(OR(AN13<=23,AU13=0),0,"×") -> 0 | AX13: =IF(OR(AN13<=23,AU13=0),0,$AX$9) -> 0 | AY13: =IF(AU13=0,0,15) -> 0 | AZ13: =AT13+2*AU13*AV13*(IF(AY13<25,1,IF(AY13>33,2,1.5))) -> 5.37 | BA13: =IF(BB13=0,0, IF(D13=1, (IF(AND(AH13>'Данные ТНПА'!#REF!,AH13<='Данные ТНПА'!#REF!),'Данные ТНПА'!#REF!, IF(AND(AH13>'Данные ТНПА'!#REF!,AH13<='Данные ТНПА'!#REF!),'Данные ТНПА'!#REF!, IF(AND(AH13>'Данные ТНПА'!#REF!,AH13<='Данные ТНПА'!#REF!),'Данные ТНПА'!#REF!, IF(AND(AH13>'Данные ТНПА'!#REF!,AH13<='Данные ТНПА'!#REF!),'Данные ТНПА'!#REF!, IF(AND(AH13>'Данные ТНПА'!#REF!,AH13<='Данные ТНПА'!#REF!),'Данные ТНПА'!#REF!, IF(AND(AH13>'Данные ТНПА'!#REF!,AH13<='Данные ТНПА'!#REF!),'Данные ТНПА'!#REF!, "ошибка_1"))))))), IF(AND(AH13>'Данные ТНПА'!#REF!,AH13<='Данные ТНПА'!#REF!),'Данные ТНПА'!#REF!, IF(AND(AH13>'Данные ТНПА'!#REF!,AH13<='Данные ТНПА'!#REF!),'Данные ТНПА'!#REF!, IF(AND(AH13>'Данные ТНПА'!#REF!,AH13<='Данные ТНПА'!#REF!),'Данные ТНПА'!#REF!, IF(AND(AH13>'Данные ТНПА'!#REF!,AH13<='Данные ТНПА'!#REF!),'Данные ТНПА'!#REF!, IF(AND(AH13>'Данные ТНПА'!#REF!,AH13<='Данные ТНПА'!#REF!),'Данные ТНПА'!#REF!, IF(AND(AH13>'Данные ТНПА'!#REF!,AH13<='Данные ТНПА'!#REF!),'Данные ТНПА'!#REF!, "ошибка_2")))))))) -> 0 | BB13: =IF(OR($AI$9=0,AND(D13>1,F13>10)),0, IF(D13=1, (IF(AND(AH13>'Данные ТНПА'!#REF!,AH13<='Данные ТНПА'!#REF!),'Данные ТНПА'!#REF!, IF(AND(AH13>'Данные ТНПА'!#REF!,AH13<='Данные ТНПА'!#REF!),'Данные ТНПА'!#REF!, IF(AND(AH13>'Данные ТНПА'!#REF!,AH13<='Данные ТНПА'!#REF!),'Данные ТНПА'!#REF!, IF(AND(AH13>'Данные ТНПА'!#REF!,AH13<='Данные ТНПА'!#REF!),'Данные ТНПА'!#REF!, IF(AND(AH13>'Данные ТНПА'!#REF!,AH13<='Данные ТНПА'!#REF!),'Данные ТНПА'!#REF!, IF(AND(AH13>'Данные ТНПА'!#REF!,AH13<='Данные ТНПА'!#REF!),'Данные ТНПА'!#REF!, "ошибка_1"))))))), IF(AND(AH13>'Данные ТНПА'!#REF!,AH13<='Данные ТНПА'!#REF!),'Данные ТНПА'!#REF!, IF(AND(AH13>'Данные ТНПА'!#REF!,AH13<='Данные ТНПА'!#REF!),'Данные ТНПА'!#REF!, IF(AND(AH13>'Данные ТНПА'!#REF!,AH13<='Данные ТНПА'!#REF!),'Данные ТНПА'!#REF!, IF(AND(AH13>'Данные ТНПА'!#REF!,AH13<='Данные ТНПА'!#REF!),'Данные ТНПА'!#REF!, IF(AND(AH13>'Данные ТНПА'!#REF!,AH13<='Данные ТНПА'!#REF!),'Данные ТНПА'!#REF!, IF(AND(AH13>'Данные ТНПА'!#REF!,AH13<='Данные ТНПА'!#REF!),'Данные ТНПА'!#REF!, "ошибка_2")))))))) -> 0 | BC13: =AZ13+2*BB13 -> 5.37 | BD13: =IF(BC13="","", IF(BC13=0,0,$BD$9)) -> 0 | BE13: =IF(BC13="","", IF(BC13=0,0,$BE$9)) -> 0 | BF13: =IF(BC13="","", IF($BD$9=0,0, IF(BC13<=13,20, IF(AND(BC13>13,BC13<=18),30, IF(AND(BC13>18,BC13<=23),40, IF(AND(BC13>23,BC13<=30),50, 60)))))) -> 0 | BG13: =IF(BC13="","",$BG$9) -> 0 | BH13: =IF(BC13="","",BC13+2*BD13*BE13*IF(BG13<=25,1,IF(BG13>33,2,1.5))) -> 5.37 | BI13: =IF(BC13="","",$BI$9) -> 0 | BJ13: =IF(BC13="","",$BJ$9) -> 0 | BK13: =IF(BJ13="","",IF(BJ13<>0,"×",0)) -> 0 | BL13: =IF(BK13="","", IF(BJ13<>0, IF(AND(BC13>7,BC13<=10),15, IF(AND(BC13>10,BC13<=13),20, IF(AND(BC13>13,BC13<=21),30, IF(AND(BC13>21,BC13<=31),40, IF(AND(BC13>31,BC13<=70),50, IF(AND(BC13>70,BC13<=80),60, "ошибка")))))),0)) -> 0 | BM13: =IF(BL13="","",$BM$9) -> 0 | BN13: =IF(BH13="","",BH13+2*BI13*BJ13) -> 5.37 | BO13: =IF(BN13="","",$BO$9) -> 0 | BP13: =IF(BO13="","",IF(BO13>0,$BP$9,0)) -> 0 | BQ13: =IF(BP13="","",IF(BP13>0,"×","")) | BR13: =IF(BN13="","",IF(BO13=0,0,IF(BN13<=19,30,IF(AND(BN13>19,BN13<=23),40,50)))) -> 0 | BS13: =IF(BO13="","",IF(BO13=0,0,$BS$9)) -> 0 | BT13: =IF(BN13="","",BN13+2*BO13*BP13*IF(BS13<=25,1,IF(BS13>33,2,1.5))) -> 5.37 | BU13: =0.85*BV13-0.1 -> 0.92 | BV13: =IF(BT13="","", IF(AND(BT13>'Данные ТНПА'!$K$8,BT13<='Данные ТНПА'!$L$8),'Данные ТНПА'!$N$8, IF(AND(BT13>'Данные ТНПА'!$K$9,BT13<='Данные ТНПА'!$L$9),'Данные ТНПА'!$N$9, IF(AND(BT13>'Данные ТНПА'!$K$10,BT13<='Данные ТНПА'!$L$10),'Данные ТНПА'!$N$10, IF(AND(BT13>'Данные ТНПА'!$K$11,BT13<='Данные ТНПА'!$L$11),'Данные ТНПА'!$N$11, IF(AND(BT13>'Данные ТНПА'!$K$12,BT13<='Данные ТНПА'!$L$12),'Данные ТНПА'!$N$12, IF(AND(BT13>'Данные ТНПА'!$K$13,BT13<='Данные ТНПА'!$L$13),'Данные ТНПА'!$N$13, IF(AND(BT13>'Данные ТНПА'!$K$14,BT13<='Данные ТНПА'!$L$14),'Данные ТНПА'!$N$14)))))))) -> 1.2 | BW13: =BT13+2*BV13 -> 7.77 | BX13: =IF(C13="а",F13*$BX$9*D13*IF(D13>1,1.007,1),0) -> 0 | BY13: =IF(C13="а",0,F13*$BY$9*D13*IF(D13>1,1.007,1)) -> 444.5 | BZ13: =IF(G13="мс",PI()*(P13/PI()+R13)*R13*$BZ$9*1.13*D13*1.007, PI()*(IF(I13=1,K13,L13)+R13)*R13*$BZ$9*D13*IF(D13>1,1.007,1)*IF(I13=1,1,(IF(F13>=4,1.1,1.07)))) -> 24.501074 | CA13: =PI()*POWER(Y13,2)/4*$CA$9 -> #REF! | CB13: =IF(AA13="","", IF(AA13=2,SQRT((Z13*PI()/50)^2+1)*$CB$9*AA13,0)) -> 0 | CC13: =PI()*(Z13+AC13*AD13)*AC13*AD13*$CC$9*ROUND(100/(100-AG13),2) -> 0 | CD13: =PI()*(AH13+AI13*AJ13)*AI13*AJ13*$CD$9*ROUND(100/(100-AM13),2) -> 0 | CE13: =PI()*(AN13+AO13*AP13)*AO13*AP13*$CE$9*ROUND(100/(100-AS13),2) -> 0 | CF13: =PI()*(AT13+AU13*AV13)*AU13*AV13*$CF$9*ROUND(100/(100-AY13),2) -> 0 | CG13: =IF(CB13="","", IF(BB13=0,0, IF(AND(G13="мс",AC13=0),(PI()*BC13^2/4-D13*(O13+PI()*(P13/PI()+R13)*R13)-((POWER((N13+R13),2)*(D13*TAN(PI()*((D13-2)/(2*D13)))-(PI()*(D13-2)/2)))))*$CG$9, IF(AND(D13>1,OR(G13="ок",G13="мк")),(PI()*BC13^2/4-PI()*V13^2*(D13+2)/8-D13*(SIN(PI()*(D13-2)/D13))/2*(AB13/2-V13/2)^2)*$CG$9, PI()*(AB13+BB13)*BB13*1.07*$CG$9)))) -> 0 | CH13: =IF(BE13="","", IF(BD13=0,0, PI()*(BC13+BD13*BE13)*BD13*BE13*$CH$9*ROUND(100/(100-BG13),2))) -> 0 | CI13: =IF(BH13="","", PI()*(BH13+BI13*BJ13)*BI13*BJ13*$CI$9*ROUND(100/(100+BM13),2)) -> 0 | CJ13: =IF(BO13="","",PI()*(BN13+BO13*BP13)*BO13*BP13*$CJ$9*ROUND(100/(100-BS13),2)) -> 0 | CK13: =PI()*(BT13+BV13)*BV13*IF($BI$9>0,1.1,1.04)*$CK$9 -> 36.062669 | CL13: =BX13+BY13+BZ13+CK13 -> 505.06374
A14: =IF(D14="",CONCATENATE("Кабель ",IF(C14="а","А",""),$A$9),CONCATENATE("Кабель ",IF(C14="а","А",""),$A$9," ",D14,"*",F14,IF(G14="ок"," (ож)","")," - ",B14," ",IF(G14="мс"," фас. ",""),$A$2)) -> Кабель ВВГ 1*1,5 (ож) - 0,66 ГОСТ 16442-80 | B14: 0.66 | D14: 1 | E14: × | F14: 1.5 | G14: ок | H14: 1.39 | I14: 1 | J14: × | K14: =ROUNDUP(SQRT(F14/PI()*4),2) -> 1.39 | L14: 3.57 | Q14: =0.9*R14-0.1 -> 0.44 | R14: =IF(B14=0.66,VLOOKUP(F14,'Данные ТНПА'!$B$8:$C$16,2,0), IF(B14=1,VLOOKUP(F14,'Данные ТНПА'!$B$17:$C$37,2,0),"ошибка")) -> 0.6 | S14: =IF(I14=1,K14+2*Q14,L14+2*Q14) -> 2.27 | V14: =IF(I14=1,K14+2*R14,L14+2*R14) -> 2.59 | Y14: =IF(V14="","",ROUND(V14*IF(AND(D14=4,F14>16),0.414,IF(D14=5,0.702,0)),1)) -> 0 | Z14: =IF(R14="","", IF(G14="мс",2*(V14+(N14+R14)*(1/COS(PI()*(D14-2)/(2*D14))-1)), IF(D14=1,V14*1,IF(D14=2,V14*2,IF(D14=3,V14*2.15,IF(D14=4,V14*2.41,IF(D14=5,V14*2.7,"ошибка"))))))) -> 2.59 | AA14: =IF(G14="","",IF(G14="мс",$AA$9,0)) -> 0 | AB14: =IF(Z14="","",Z14) -> 2.59 | AC14: =IF(G14="","",IF(G14="мс",$AC$9,0)) -> 0 | AD14: =IF(AC14="","",IF(AC14>0,IF(AND(Z14>=10,Z14<=20),0.035,IF(Z14>20,0.05,"ошибка")),0)) -> 0 | AE14: =IF(Z14="","",IF(AND(G14="мс",AC14>0),"×","")) | AF14: =IF(AC14="","",IF(AC14>0,IF(AND(Z14>=10,Z14<=20),50,IF(Z14>20,60,"ошибка")),0)) -> 0 | AG14: =IF(AC14="","",IF(AC14>0,IF(AND(Z14>=10,Z14<=13),40,IF(AND(Z14>=13,Z14<=16),30,IF(Z14>16,25,"ошибка"))),0)) -> 0 | AH14: =IF(Z14="","",IF(AND(G14="мс",AC14>0),Z14+2*AC14*AD14*IF(AG14<=25,1,IF(AG14>33,2,1.5)),Z14)) -> 2.59 | AI14: =IF(OR($AI$9=0,AH14<=10,D14=1,AND(D14>1,F14<=10,OR(G14="ок",G14="мк"))),0,1) -> 0 | AJ14: =IF(AI14=0,0,$AJ$9) -> 0 | AK14: =IF(AI14="","",IF(AI14=0,0,"×")) -> 0 | AL14: =IF(AI14=0,0,$AL$9) -> 0 | AM14: =IF(AI14=0,0, IF(AND(AH14>10,AH14<=13),55, IF(AND(AH14>13,AH14<=15),45, IF(AND(AH14>15,AH14<=18),35, IF(AND(AH14>18,AH14<=20),30, IF(AH14>20,15, 0)))))) -> 0 | AN14: =AH14+2*AI14*AJ14*(IF(AM14<25,1,IF(AM14>33,2,1.5))) -> 2.59 | AO14: =IF(OR(AI14=0,AN14<=10,AN14>23,AND(D14>1,F14<=10,OR(G14="ок",G14="мк"))),0,1) -> 0 | AP14: =IF(OR(AO14=0,AN14>23),0,$AP$9) -> 0 | AQ14: =IF(OR(AN14>23,AO14=0),0,"×") -> 0 | AR14: =IF(OR(AN14>23,AO14=0),0,$AR$9) -> 0 | AS14: =IF(AO14=0,0, IF(AND(AH14>10,AH14<=13),55, IF(AND(AH14>13,AH14<=15),45, IF(AND(AH14>15,AH14<=18),35, IF(AND(AH14>18,AH14<=20),30, IF(AND(AH14>20,AH14<=23),15, 0)))))) -> 0 | AT14: =AN14+2*AO14*AP14*(IF(AS14<25,1,IF(AS14>33,2,1.5))) -> 2.59 | AU14: =IF(OR(AI14=0,D14=1,AN14<=23),0,1) -> 0 | AV14: =IF(OR(AU14=0,AN14<=23),0,$AV$9) -> 0 | AW14: =IF(OR(AN14<=23,AU14=0),0,"×") -> 0 | AX14: =IF(OR(AN14<=23,AU14=0),0,$AX$9) -> 0 | AY14: =IF(AU14=0,0,15) -> 0 | AZ14: =AT14+2*AU14*AV14*(IF(AY14<25,1,IF(AY14>33,2,1.5))) -> 2.59 | BA14: =IF(BB14=0,0, IF(D14=1, (IF(AND(AH14>'Данные ТНПА'!#REF!,AH14<='Данные ТНПА'!#REF!),'Данные ТНПА'!#REF!, IF(AND(AH14>'Данные ТНПА'!#REF!,AH14<='Данные ТНПА'!#REF!),'Данные ТНПА'!#REF!, IF(AND(AH14>'Данные ТНПА'!#REF!,AH14<='Данные ТНПА'!#REF!),'Данные ТНПА'!#REF!, IF(AND(AH14>'Данные ТНПА'!#REF!,AH14<='Данные ТНПА'!#REF!),'Данные ТНПА'!#REF!, IF(AND(AH14>'Данные ТНПА'!#REF!,AH14<='Данные ТНПА'!#REF!),'Данные ТНПА'!#REF!, IF(AND(AH14>'Данные ТНПА'!#REF!,AH14<='Данные ТНПА'!#REF!),'Данные ТНПА'!#REF!, "ошибка_1"))))))), IF(AND(AH14>'Данные ТНПА'!#REF!,AH14<='Данные ТНПА'!#REF!),'Данные ТНПА'!#REF!, IF(AND(AH14>'Данные ТНПА'!#REF!,AH14<='Данные ТНПА'!#REF!),'Данные ТНПА'!#REF!, IF(AND(AH14>'Данные ТНПА'!#REF!,AH14<='Данные ТНПА'!#REF!),'Данные ТНПА'!#REF!, IF(AND(AH14>'Данные ТНПА'!#REF!,AH14<='Данные ТНПА'!#REF!),'Данные ТНПА'!#REF!, IF(AND(AH14>'Данные ТНПА'!#REF!,AH14<='Данные ТНПА'!#REF!),'Данные ТНПА'!#REF!, IF(AND(AH14>'Данные ТНПА'!#REF!,AH14<='Данные ТНПА'!#REF!),'Данные ТНПА'!#REF!, "ошибка_2")))))))) -> 0 | BB14: =IF(OR($AI$9=0,AND(D14>1,F14>10)),0, IF(D14=1, (IF(AND(AH14>'Данные ТНПА'!#REF!,AH14<='Данные ТНПА'!#REF!),'Данные ТНПА'!#REF!, IF(AND(AH14>'Данные ТНПА'!#REF!,AH14<='Данные ТНПА'!#REF!),'Данные ТНПА'!#REF!, IF(AND(AH14>'Данные ТНПА'!#REF!,AH14<='Данные ТНПА'!#REF!),'Данные ТНПА'!#REF!, IF(AND(AH14>'Данные ТНПА'!#REF!,AH14<='Данные ТНПА'!#REF!),'Данные ТНПА'!#REF!, IF(AND(AH14>'Данные ТНПА'!#REF!,AH14<='Данные ТНПА'!#REF!),'Данные ТНПА'!#REF!, IF(AND(AH14>'Данные ТНПА'!#REF!,AH14<='Данные ТНПА'!#REF!),'Данные ТНПА'!#REF!, "ошибка_1"))))))), IF(AND(AH14>'Данные ТНПА'!#REF!,AH14<='Данные ТНПА'!#REF!),'Данные ТНПА'!#REF!, IF(AND(AH14>'Данные ТНПА'!#REF!,AH14<='Данные ТНПА'!#REF!),'Данные ТНПА'!#REF!, IF(AND(AH14>'Данные ТНПА'!#REF!,AH14<='Данные ТНПА'!#REF!),'Данные ТНПА'!#REF!, IF(AND(AH14>'Данные ТНПА'!#REF!,AH14<='Данные ТНПА'!#REF!),'Данные ТНПА'!#REF!, IF(AND(AH14>'Данные ТНПА'!#REF!,AH14<='Данные ТНПА'!#REF!),'Данные ТНПА'!#REF!, IF(AND(AH14>'Данные ТНПА'!#REF!,AH14<='Данные ТНПА'!#REF!),'Данные ТНПА'!#REF!, "ошибка_2")))))))) -> 0 | BC14: =AZ14+2*BB14 -> 2.59 | BD14: =IF(BC14="","", IF(BC14=0,0,$BD$9)) -> 0 | BE14: =IF(BC14="","", IF(BC14=0,0,$BE$9)) -> 0 | BF14: =IF(BC14="","", IF($BD$9=0,0, IF(BC14<=13,20, IF(AND(BC14>13,BC14<=18),30, IF(AND(BC14>18,BC14<=23),40, IF(AND(BC14>23,BC14<=30),50, 60)))))) -> 0 | BG14: =IF(BC14="","",$BG$9) -> 0 | BH14: =IF(BC14="","",BC14+2*BD14*BE14*IF(BG14<=25,1,IF(BG14>33,2,1.5))) -> 2.59 | BI14: =IF(BC14="","",$BI$9) -> 0 | BJ14: =IF(BC14="","",$BJ$9) -> 0 | BK14: =IF(BJ14="","",IF(BJ14<>0,"×",0)) -> 0 | BL14: =IF(BK14="","", IF(BJ14<>0, IF(AND(BC14>7,BC14<=10),15, IF(AND(BC14>10,BC14<=13),20, IF(AND(BC14>13,BC14<=21),30, IF(AND(BC14>21,BC14<=31),40, IF(AND(BC14>31,BC14<=70),50, IF(AND(BC14>70,BC14<=80),60, "ошибка")))))),0)) -> 0 | BM14: =IF(BL14="","",$BM$9) -> 0 | BN14: =IF(BH14="","",BH14+2*BI14*BJ14) -> 2.59 | BO14: =IF(BN14="","",$BO$9) -> 0 | BP14: =IF(BO14="","",IF(BO14>0,$BP$9,0)) -> 0 | BQ14: =IF(BP14="","",IF(BP14>0,"×","")) | BR14: =IF(BN14="","",IF(BO14=0,0,IF(BN14<=19,30,IF(AND(BN14>19,BN14<=23),40,50)))) -> 0 | BS14: =IF(BO14="","",IF(BO14=0,0,$BS$9)) -> 0 | BT14: =IF(BN14="","",BN14+2*BO14*BP14*IF(BS14<=25,1,IF(BS14>33,2,1.5))) -> 2.59 | BU14: =0.85*BV14-0.1 -> 0.92 | BV14: =IF(BT14="","", IF(AND(BT14>'Данные ТНПА'!$K$8,BT14<='Данные ТНПА'!$L$8),'Данные ТНПА'!$N$8, IF(AND(BT14>'Данные ТНПА'!$K$9,BT14<='Данные ТНПА'!$L$9),'Данные ТНПА'!$N$9, IF(AND(BT14>'Данные ТНПА'!$K$10,BT14<='Данные ТНПА'!$L$10),'Данные ТНПА'!$N$10, IF(AND(BT14>'Данные ТНПА'!$K$11,BT14<='Данные ТНПА'!$L$11),'Данные ТНПА'!$N$11, IF(AND(BT14>'Данные ТНПА'!$K$12,BT14<='Данные ТНПА'!$L$12),'Данные ТНПА'!$N$12, IF(AND(BT14>'Данные ТНПА'!$K$13,BT14<='Данные ТНПА'!$L$13),'Данные ТНПА'!$N$13, IF(AND(BT14>'Данные ТНПА'!$K$14,BT14<='Данные ТНПА'!$L$14),'Данные ТНПА'!$N$14)))))))) -> 1.2 | BW14: =BT14+2*BV14 -> 4.99 | BX14: =IF(C14="а",F14*$BX$9*D14*IF(D14>1,1.007,1),0) -> 0 | BY14: =IF(C14="а",0,F14*$BY$9*D14*IF(D14>1,1.007,1)) -> 13.335 | BZ14: =IF(G14="мс",PI()*(P14/PI()+R14)*R14*$BZ$9*1.13*D14*1.007, PI()*(IF(I14=1,K14,L14)+R14)*R14*$BZ$9*D14*IF(D14>1,1.007,1)*IF(I14=1,1,(IF(F14>=4,1.1,1.07)))) -> 5.0264226 | CA14: =PI()*POWER(Y14,2)/4*$CA$9 -> #REF! | CB14: =IF(AA14="","", IF(AA14=2,SQRT((Z14*PI()/50)^2+1)*$CB$9*AA14,0)) -> 0 | CC14: =PI()*(Z14+AC14*AD14)*AC14*AD14*$CC$9*ROUND(100/(100-AG14),2) -> 0 | CD14: =PI()*(AH14+AI14*AJ14)*AI14*AJ14*$CD$9*ROUND(100/(100-AM14),2) -> 0 | CE14: =PI()*(AN14+AO14*AP14)*AO14*AP14*$CE$9*ROUND(100/(100-AS14),2) -> 0 | CF14: =PI()*(AT14+AU14*AV14)*AU14*AV14*$CF$9*ROUND(100/(100-AY14),2) -> 0 | CG14: =IF(CB14="","", IF(BB14=0,0, IF(AND(G14="мс",AC14=0),(PI()*BC14^2/4-D14*(O14+PI()*(P14/PI()+R14)*R14)-((POWER((N14+R14),2)*(D14*TAN(PI()*((D14-2)/(2*D14)))-(PI()*(D14-2)/2)))))*$CG$9, IF(AND(D14>1,OR(G14="ок",G14="мк")),(PI()*BC14^2/4-PI()*V14^2*(D14+2)/8-D14*(SIN(PI()*(D14-2)/D14))/2*(AB14/2-V14/2)^2)*$CG$9, PI()*(AB14+BB14)*BB14*1.07*$CG$9)))) -> 0 | CH14: =IF(BE14="","", IF(BD14=0,0, PI()*(BC14+BD14*BE14)*BD14*BE14*$CH$9*ROUND(100/(100-BG14),2))) -> 0 | CI14: =IF(BH14="","", PI()*(BH14+BI14*BJ14)*BI14*BJ14*$CI$9*ROUND(100/(100+BM14),2)) -> 0 | CJ14: =IF(BO14="","",PI()*(BN14+BO14*BP14)*BO14*BP14*$CJ$9*ROUND(100/(100-BS14),2)) -> 0 | CK14: =PI()*(BT14+BV14)*BV14*IF($BI$9>0,1.1,1.04)*$CK$9 -> 20.803275 | CL14: =BX14+BY14+BZ14+CK14 -> 39.164697
A15: =IF(D15="",CONCATENATE("Кабель ",IF(C15="а","А",""),$A$9),CONCATENATE("Кабель ",IF(C15="а","А",""),$A$9," ",D15,"*",F15,IF(G15="ок"," (ож)","")," - ",B15," ",IF(G15="мс"," фас. ",""),$A$2)) -> Кабель ВВГ 1*2,5 (ож) - 0,66 ГОСТ 16442-80 | B15: 0.66 | D15: 1 | E15: × | F15: 2.5 | G15: ок | H15: 1.79 | I15: 1 | J15: × | K15: =ROUNDUP(SQRT(F15/PI()*4),2) -> 1.79 | L15: 4.52 | Q15: =0.9*R15-0.1 -> 0.44 | R15: =IF(B15=0.66,VLOOKUP(F15,'Данные ТНПА'!$B$8:$C$16,2,0), IF(B15=1,VLOOKUP(F15,'Данные ТНПА'!$B$17:$C$37,2,0),"ошибка")) -> 0.6 | S15: =IF(I15=1,K15+2*Q15,L15+2*Q15) -> 2.67 | V15: =IF(I15=1,K15+2*R15,L15+2*R15) -> 2.99 | Y15: =IF(V15="","",ROUND(V15*IF(AND(D15=4,F15>16),0.414,IF(D15=5,0.702,0)),1)) -> 0 | Z15: =IF(R15="","", IF(G15="мс",2*(V15+(N15+R15)*(1/COS(PI()*(D15-2)/(2*D15))-1)), IF(D15=1,V15*1,IF(D15=2,V15*2,IF(D15=3,V15*2.15,IF(D15=4,V15*2.41,IF(D15=5,V15*2.7,"ошибка"))))))) -> 2.99 | AA15: =IF(G15="","",IF(G15="мс",$AA$9,0)) -> 0 | AB15: =IF(Z15="","",Z15) -> 2.99 | AC15: =IF(G15="","",IF(G15="мс",$AC$9,0)) -> 0 | AD15: =IF(AC15="","",IF(AC15>0,IF(AND(Z15>=10,Z15<=20),0.035,IF(Z15>20,0.05,"ошибка")),0)) -> 0 | AE15: =IF(Z15="","",IF(AND(G15="мс",AC15>0),"×","")) | AF15: =IF(AC15="","",IF(AC15>0,IF(AND(Z15>=10,Z15<=20),50,IF(Z15>20,60,"ошибка")),0)) -> 0 | AG15: =IF(AC15="","",IF(AC15>0,IF(AND(Z15>=10,Z15<=13),40,IF(AND(Z15>=13,Z15<=16),30,IF(Z15>16,25,"ошибка"))),0)) -> 0 | AH15: =IF(Z15="","",IF(AND(G15="мс",AC15>0),Z15+2*AC15*AD15*IF(AG15<=25,1,IF(AG15>33,2,1.5)),Z15)) -> 2.99 | AI15: =IF(OR($AI$9=0,AH15<=10,D15=1,AND(D15>1,F15<=10,OR(G15="ок",G15="мк"))),0,1) -> 0 | AJ15: =IF(AI15=0,0,$AJ$9) -> 0 | AK15: =IF(AI15="","",IF(AI15=0,0,"×")) -> 0 | AL15: =IF(AI15=0,0,$AL$9) -> 0 | AM15: =IF(AI15=0,0, IF(AND(AH15>10,AH15<=13),55, IF(AND(AH15>13,AH15<=15),45, IF(AND(AH15>15,AH15<=18),35, IF(AND(AH15>18,AH15<=20),30, IF(AH15>20,15, 0)))))) -> 0 | AN15: =AH15+2*AI15*AJ15*(IF(AM15<25,1,IF(AM15>33,2,1.5))) -> 2.99 | AO15: =IF(OR(AI15=0,AN15<=10,AN15>23,AND(D15>1,F15<=10,OR(G15="ок",G15="мк"))),0,1) -> 0 | AP15: =IF(OR(AO15=0,AN15>23),0,$AP$9) -> 0 | AQ15: =IF(OR(AN15>23,AO15=0),0,"×") -> 0 | AR15: =IF(OR(AN15>23,AO15=0),0,$AR$9) -> 0 | AS15: =IF(AO15=0,0, IF(AND(AH15>10,AH15<=13),55, IF(AND(AH15>13,AH15<=15),45, IF(AND(AH15>15,AH15<=18),35, IF(AND(AH15>18,AH15<=20),30, IF(AND(AH15>20,AH15<=23),15, 0)))))) -> 0 | AT15: =AN15+2*AO15*AP15*(IF(AS15<25,1,IF(AS15>33,2,1.5))) -> 2.99 | AU15: =IF(OR(AI15=0,D15=1,AN15<=23),0,1) -> 0 | AV15: =IF(OR(AU15=0,AN15<=23),0,$AV$9) -> 0 | AW15: =IF(OR(AN15<=23,AU15=0),0,"×") -> 0 | AX15: =IF(OR(AN15<=23,AU15=0),0,$AX$9) -> 0 | AY15: =IF(AU15=0,0,15) -> 0 | AZ15: =AT15+2*AU15*AV15*(IF(AY15<25,1,IF(AY15>33,2,1.5))) -> 2.99 | BA15: =IF(BB15=0,0, IF(D15=1, (IF(AND(AH15>'Данные ТНПА'!#REF!,AH15<='Данные ТНПА'!#REF!),'Данные ТНПА'!#REF!, IF(AND(AH15>'Данные ТНПА'!#REF!,AH15<='Данные ТНПА'!#REF!),'Данные ТНПА'!#REF!, IF(AND(AH15>'Данные ТНПА'!#REF!,AH15<='Данные ТНПА'!#REF!),'Данные ТНПА'!#REF!, IF(AND(AH15>'Данные ТНПА'!#REF!,AH15<='Данные ТНПА'!#REF!),'Данные ТНПА'!#REF!, IF(AND(AH15>'Данные ТНПА'!#REF!,AH15<='Данные ТНПА'!#REF!),'Данные ТНПА'!#REF!, IF(AND(AH15>'Данные ТНПА'!#REF!,AH15<='Данные ТНПА'!#REF!),'Данные ТНПА'!#REF!, "ошибка_1"))))))), IF(AND(AH15>'Данные ТНПА'!#REF!,AH15<='Данные ТНПА'!#REF!),'Данные ТНПА'!#REF!, IF(AND(AH15>'Данные ТНПА'!#REF!,AH15<='Данные ТНПА'!#REF!),'Данные ТНПА'!#REF!, IF(AND(AH15>'Данные ТНПА'!#REF!,AH15<='Данные ТНПА'!#REF!),'Данные ТНПА'!#REF!, IF(AND(AH15>'Данные ТНПА'!#REF!,AH15<='Данные ТНПА'!#REF!),'Данные ТНПА'!#REF!, IF(AND(AH15>'Данные ТНПА'!#REF!,AH15<='Данные ТНПА'!#REF!),'Данные ТНПА'!#REF!, IF(AND(AH15>'Данные ТНПА'!#REF!,AH15<='Данные ТНПА'!#REF!),'Данные ТНПА'!#REF!, "ошибка_2")))))))) -> 0 | BB15: =IF(OR($AI$9=0,AND(D15>1,F15>10)),0, IF(D15=1, (IF(AND(AH15>'Данные ТНПА'!#REF!,AH15<='Данные ТНПА'!#REF!),'Данные ТНПА'!#REF!, IF(AND(AH15>'Данные ТНПА'!#REF!,AH15<='Данные ТНПА'!#REF!),'Данные ТНПА'!#REF!, IF(AND(AH15>'Данные ТНПА'!#REF!,AH15<='Данные ТНПА'!#REF!),'Данные ТНПА'!#REF!, IF(AND(AH15>'Данные ТНПА'!#REF!,AH15<='Данные ТНПА'!#REF!),'Данные ТНПА'!#REF!, IF(AND(AH15>'Данные ТНПА'!#REF!,AH15<='Данные ТНПА'!#REF!),'Данные ТНПА'!#REF!, IF(AND(AH15>'Данные ТНПА'!#REF!,AH15<='Данные ТНПА'!#REF!),'Данные ТНПА'!#REF!, "ошибка_1"))))))), IF(AND(AH15>'Данные ТНПА'!#REF!,AH15<='Данные ТНПА'!#REF!),'Данные ТНПА'!#REF!, IF(AND(AH15>'Данные ТНПА'!#REF!,AH15<='Данные ТНПА'!#REF!),'Данные ТНПА'!#REF!, IF(AND(AH15>'Данные ТНПА'!#REF!,AH15<='Данные ТНПА'!#REF!),'Данные ТНПА'!#REF!, IF(AND(AH15>'Данные ТНПА'!#REF!,AH15<='Данные ТНПА'!#REF!),'Данные ТНПА'!#REF!, IF(AND(AH15>'Данные ТНПА'!#REF!,AH15<='Данные ТНПА'!#REF!),'Данные ТНПА'!#REF!, IF(AND(AH15>'Данные ТНПА'!#REF!,AH15<='Данные ТНПА'!#REF!),'Данные ТНПА'!#REF!, "ошибка_2")))))))) -> 0 | BC15: =AZ15+2*BB15 -> 2.99 | BD15: =IF(BC15="","", IF(BC15=0,0,$BD$9)) -> 0 | BE15: =IF(BC15="","", IF(BC15=0,0,$BE$9)) -> 0 | BF15: =IF(BC15="","", IF($BD$9=0,0, IF(BC15<=13,20, IF(AND(BC15>13,BC15<=18),30, IF(AND(BC15>18,BC15<=23),40, IF(AND(BC15>23,BC15<=30),50, 60)))))) -> 0 | BG15: =IF(BC15="","",$BG$9) -> 0 | BH15: =IF(BC15="","",BC15+2*BD15*BE15*IF(BG15<=25,1,IF(BG15>33,2,1.5))) -> 2.99 | BI15: =IF(BC15="","",$BI$9) -> 0 | BJ15: =IF(BC15="","",$BJ$9) -> 0 | BK15: =IF(BJ15="","",IF(BJ15<>0,"×",0)) -> 0 | BL15: =IF(BK15="","", IF(BJ15<>0, IF(AND(BC15>7,BC15<=10),15, IF(AND(BC15>10,BC15<=13),20, IF(AND(BC15>13,BC15<=21),30, IF(AND(BC15>21,BC15<=31),40, IF(AND(BC15>31,BC15<=70),50, IF(AND(BC15>70,BC15<=80),60, "ошибка")))))),0)) -> 0 | BM15: =IF(BL15="","",$BM$9) -> 0 | BN15: =IF(BH15="","",BH15+2*BI15*BJ15) -> 2.99 | BO15: =IF(BN15="","",$BO$9) -> 0 | BP15: =IF(BO15="","",IF(BO15>0,$BP$9,0)) -> 0 | BQ15: =IF(BP15="","",IF(BP15>0,"×","")) | BR15: =IF(BN15="","",IF(BO15=0,0,IF(BN15<=19,30,IF(AND(BN15>19,BN15<=23),40,50)))) -> 0 | BS15: =IF(BO15="","",IF(BO15=0,0,$BS$9)) -> 0 | BT15: =IF(BN15="","",BN15+2*BO15*BP15*IF(BS15<=25,1,IF(BS15>33,2,1.5))) -> 2.99 | BU15: =0.85*BV15-0.1 -> 0.92 | BV15: =IF(BT15="","", IF(AND(BT15>'Данные ТНПА'!$K$8,BT15<='Данные ТНПА'!$L$8),'Данные ТНПА'!$N$8, IF(AND(BT15>'Данные ТНПА'!$K$9,BT15<='Данные ТНПА'!$L$9),'Данные ТНПА'!$N$9, IF(AND(BT15>'Данные ТНПА'!$K$10,BT15<='Данные ТНПА'!$L$10),'Данные ТНПА'!$N$10, IF(AND(BT15>'Данные ТНПА'!$K$11,BT15<='Данные ТНПА'!$L$11),'Данные ТНПА'!$N$11, IF(AND(BT15>'Данные ТНПА'!$K$12,BT15<='Данные ТНПА'!$L$12),'Данные ТНПА'!$N$12, IF(AND(BT15>'Данные ТНПА'!$K$13,BT15<='Данные ТНПА'!$L$13),'Данные ТНПА'!$N$13, IF(AND(BT15>'Данные ТНПА'!$K$14,BT15<='Данные ТНПА'!$L$14),'Данные ТНПА'!$N$14)))))))) -> 1.2 | BW15: =BT15+2*BV15 -> 5.39 | BX15: =IF(C15="а",F15*$BX$9*D15*IF(D15>1,1.007,1),0) -> 0 | BY15: =IF(C15="а",0,F15*$BY$9*D15*IF(D15>1,1.007,1)) -> 22.225 | BZ15: =IF(G15="мс",PI()*(P15/PI()+R15)*R15*$BZ$9*1.13*D15*1.007, PI()*(IF(I15=1,K15,L15)+R15)*R15*$BZ$9*D15*IF(D15>1,1.007,1)*IF(I15=1,1,(IF(F15>=4,1.1,1.07)))) -> 6.0367588 | CA15: =PI()*POWER(Y15,2)/4*$CA$9 -> #REF! | CB15: =IF(AA15="","", IF(AA15=2,SQRT((Z15*PI()/50)^2+1)*$CB$9*AA15,0)) -> 0 | CC15: =PI()*(Z15+AC15*AD15)*AC15*AD15*$CC$9*ROUND(100/(100-AG15),2) -> 0 | CD15: =PI()*(AH15+AI15*AJ15)*AI15*AJ15*$CD$9*ROUND(100/(100-AM15),2) -> 0 | CE15: =PI()*(AN15+AO15*AP15)*AO15*AP15*$CE$9*ROUND(100/(100-AS15),2) -> 0 | CF15: =PI()*(AT15+AU15*AV15)*AU15*AV15*$CF$9*ROUND(100/(100-AY15),2) -> 0 | CG15: =IF(CB15="","", IF(BB15=0,0, IF(AND(G15="мс",AC15=0),(PI()*BC15^2/4-D15*(O15+PI()*(P15/PI()+R15)*R15)-((POWER((N15+R15),2)*(D15*TAN(PI()*((D15-2)/(2*D15)))-(PI()*(D15-2)/2)))))*$CG$9, IF(AND(D15>1,OR(G15="ок",G15="мк")),(PI()*BC15^2/4-PI()*V15^2*(D15+2)/8-D15*(SIN(PI()*(D15-2)/D15))/2*(AB15/2-V15/2)^2)*$CG$9, PI()*(AB15+BB15)*BB15*1.07*$CG$9)))) -> 0 | CH15: =IF(BE15="","", IF(BD15=0,0, PI()*(BC15+BD15*BE15)*BD15*BE15*$CH$9*ROUND(100/(100-BG15),2))) -> 0 | CI15: =IF(BH15="","", PI()*(BH15+BI15*BJ15)*BI15*BJ15*$CI$9*ROUND(100/(100+BM15),2)) -> 0 | CJ15: =IF(BO15="","",PI()*(BN15+BO15*BP15)*BO15*BP15*$CJ$9*ROUND(100/(100-BS15),2)) -> 0 | CK15: =PI()*(BT15+BV15)*BV15*IF($BI$9>0,1.1,1.04)*$CK$9 -> 22.998871 | CL15: =BX15+BY15+BZ15+CK15 -> 51.26063
A16: =IF(D16="",CONCATENATE("Кабель ",IF(C16="а","А",""),$A$9),CONCATENATE("Кабель ",IF(C16="а","А",""),$A$9," ",D16,"*",F16,IF(G16="ок"," (ож)","")," - ",B16," ",IF(G16="мс"," фас. ",""),$A$2)) -> Кабель ВВГ 1*4 (ож) - 0,66 ГОСТ 16442-80 | B16: 0.66 | D16: 1 | E16: × | F16: 4 | G16: ок | H16: 2.26 | I16: 1 | J16: × | K16: =ROUNDUP(SQRT(F16/PI()*4),2) -> 2.26 | L16: 4.79 | Q16: =0.9*R16-0.1 -> 0.53 | R16: =IF(B16=0.66,VLOOKUP(F16,'Данные ТНПА'!$B$8:$C$16,2,0), IF(B16=1,VLOOKUP(F16,'Данные ТНПА'!$B$17:$C$37,2,0),"ошибка")) -> 0.7 | S16: =IF(I16=1,K16+2*Q16,L16+2*Q16) -> 3.32 | V16: =IF(I16=1,K16+2*R16,L16+2*R16) -> 3.66 | Y16: =IF(V16="","",ROUND(V16*IF(AND(D16=4,F16>16),0.414,IF(D16=5,0.702,0)),1)) -> 0 | Z16: =IF(R16="","", IF(G16="мс",2*(V16+(N16+R16)*(1/COS(PI()*(D16-2)/(2*D16))-1)), IF(D16=1,V16*1,IF(D16=2,V16*2,IF(D16=3,V16*2.15,IF(D16=4,V16*2.41,IF(D16=5,V16*2.7,"ошибка"))))))) -> 3.66 | AA16: =IF(G16="","",IF(G16="мс",$AA$9,0)) -> 0 | AB16: =IF(Z16="","",Z16) -> 3.66 | AC16: =IF(G16="","",IF(G16="мс",$AC$9,0)) -> 0 | AD16: =IF(AC16="","",IF(AC16>0,IF(AND(Z16>=10,Z16<=20),0.035,IF(Z16>20,0.05,"ошибка")),0)) -> 0 | AE16: =IF(Z16="","",IF(AND(G16="мс",AC16>0),"×","")) | AF16: =IF(AC16="","",IF(AC16>0,IF(AND(Z16>=10,Z16<=20),50,IF(Z16>20,60,"ошибка")),0)) -> 0 | AG16: =IF(AC16="","",IF(AC16>0,IF(AND(Z16>=10,Z16<=13),40,IF(AND(Z16>=13,Z16<=16),30,IF(Z16>16,25,"ошибка"))),0)) -> 0 | AH16: =IF(Z16="","",IF(AND(G16="мс",AC16>0),Z16+2*AC16*AD16*IF(AG16<=25,1,IF(AG16>33,2,1.5)),Z16)) -> 3.66 | AI16: =IF(OR($AI$9=0,AH16<=10,D16=1,AND(D16>1,F16<=10,OR(G16="ок",G16="мк"))),0,1) -> 0 | AJ16: =IF(AI16=0,0,$AJ$9) -> 0 | AK16: =IF(AI16="","",IF(AI16=0,0,"×")) -> 0 | AL16: =IF(AI16=0,0,$AL$9) -> 0 | AM16: =IF(AI16=0,0, IF(AND(AH16>10,AH16<=13),55, IF(AND(AH16>13,AH16<=15),45, IF(AND(AH16>15,AH16<=18),35, IF(AND(AH16>18,AH16<=20),30, IF(AH16>20,15, 0)))))) -> 0 | AN16: =AH16+2*AI16*AJ16*(IF(AM16<25,1,IF(AM16>33,2,1.5))) -> 3.66 | AO16: =IF(OR(AI16=0,AN16<=10,AN16>23,AND(D16>1,F16<=10,OR(G16="ок",G16="мк"))),0,1) -> 0 | AP16: =IF(OR(AO16=0,AN16>23),0,$AP$9) -> 0 | AQ16: =IF(OR(AN16>23,AO16=0),0,"×") -> 0 | AR16: =IF(OR(AN16>23,AO16=0),0,$AR$9) -> 0 | AS16: =IF(AO16=0,0, IF(AND(AH16>10,AH16<=13),55, IF(AND(AH16>13,AH16<=15),45, IF(AND(AH16>15,AH16<=18),35, IF(AND(AH16>18,AH16<=20),30, IF(AND(AH16>20,AH16<=23),15, 0)))))) -> 0 | AT16: =AN16+2*AO16*AP16*(IF(AS16<25,1,IF(AS16>33,2,1.5))) -> 3.66 | AU16: =IF(OR(AI16=0,D16=1,AN16<=23),0,1) -> 0 | AV16: =IF(OR(AU16=0,AN16<=23),0,$AV$9) -> 0 | AW16: =IF(OR(AN16<=23,AU16=0),0,"×") -> 0 | AX16: =IF(OR(AN16<=23,AU16=0),0,$AX$9) -> 0 | AY16: =IF(AU16=0,0,15) -> 0 | AZ16: =AT16+2*AU16*AV16*(IF(AY16<25,1,IF(AY16>33,2,1.5))) -> 3.66 | BA16: =IF(BB16=0,0, IF(D16=1, (IF(AND(AH16>'Данные ТНПА'!#REF!,AH16<='Данные ТНПА'!#REF!),'Данные ТНПА'!#REF!, IF(AND(AH16>'Данные ТНПА'!#REF!,AH16<='Данные ТНПА'!#REF!),'Данные ТНПА'!#REF!, IF(AND(AH16>'Данные ТНПА'!#REF!,AH16<='Данные ТНПА'!#REF!),'Данные ТНПА'!#REF!, IF(AND(AH16>'Данные ТНПА'!#REF!,AH16<='Данные ТНПА'!#REF!),'Данные ТНПА'!#REF!, IF(AND(AH16>'Данные ТНПА'!#REF!,AH16<='Данные ТНПА'!#REF!),'Данные ТНПА'!#REF!, IF(AND(AH16>'Данные ТНПА'!#REF!,AH16<='Данные ТНПА'!#REF!),'Данные ТНПА'!#REF!, "ошибка_1"))))))), IF(AND(AH16>'Данные ТНПА'!#REF!,AH16<='Данные ТНПА'!#REF!),'Данные ТНПА'!#REF!, IF(AND(AH16>'Данные ТНПА'!#REF!,AH16<='Данные ТНПА'!#REF!),'Данные ТНПА'!#REF!, IF(AND(AH16>'Данные ТНПА'!#REF!,AH16<='Данные ТНПА'!#REF!),'Данные ТНПА'!#REF!, IF(AND(AH16>'Данные ТНПА'!#REF!,AH16<='Данные ТНПА'!#REF!),'Данные ТНПА'!#REF!, IF(AND(AH16>'Данные ТНПА'!#REF!,AH16<='Данные ТНПА'!#REF!),'Данные ТНПА'!#REF!, IF(AND(AH16>'Данные ТНПА'!#REF!,AH16<='Данные ТНПА'!#REF!),'Данные ТНПА'!#REF!, "ошибка_2")))))))) -> 0 | BB16: =IF(OR($AI$9=0,AND(D16>1,F16>10)),0, IF(D16=1, (IF(AND(AH16>'Данные ТНПА'!#REF!,AH16<='Данные ТНПА'!#REF!),'Данные ТНПА'!#REF!, IF(AND(AH16>'Данные ТНПА'!#REF!,AH16<='Данные ТНПА'!#REF!),'Данные ТНПА'!#REF!, IF(AND(AH16>'Данные ТНПА'!#REF!,AH16<='Данные ТНПА'!#REF!),'Данные ТНПА'!#REF!, IF(AND(AH16>'Данные ТНПА'!#REF!,AH16<='Данные ТНПА'!#REF!),'Данные ТНПА'!#REF!, IF(AND(AH16>'Данные ТНПА'!#REF!,AH16<='Данные ТНПА'!#REF!),'Данные ТНПА'!#REF!, IF(AND(AH16>'Данные ТНПА'!#REF!,AH16<='Данные ТНПА'!#REF!),'Данные ТНПА'!#REF!, "ошибка_1"))))))), IF(AND(AH16>'Данные ТНПА'!#REF!,AH16<='Данные ТНПА'!#REF!),'Данные ТНПА'!#REF!, IF(AND(AH16>'Данные ТНПА'!#REF!,AH16<='Данные ТНПА'!#REF!),'Данные ТНПА'!#REF!, IF(AND(AH16>'Данные ТНПА'!#REF!,AH16<='Данные ТНПА'!#REF!),'Данные ТНПА'!#REF!, IF(AND(AH16>'Данные ТНПА'!#REF!,AH16<='Данные ТНПА'!#REF!),'Данные ТНПА'!#REF!, IF(AND(AH16>'Данные ТНПА'!#REF!,AH16<='Данные ТНПА'!#REF!),'Данные ТНПА'!#REF!, IF(AND(AH16>'Данные ТНПА'!#REF!,AH16<='Данные ТНПА'!#REF!),'Данные ТНПА'!#REF!, "ошибка_2")))))))) -> 0 | BC16: =AZ16+2*BB16 -> 3.66 | BD16: =IF(BC16="","", IF(BC16=0,0,$BD$9)) -> 0 | BE16: =IF(BC16="","", IF(BC16=0,0,$BE$9)) -> 0 | BF16: =IF(BC16="","", IF($BD$9=0,0, IF(BC16<=13,20, IF(AND(BC16>13,BC16<=18),30, IF(AND(BC16>18,BC16<=23),40, IF(AND(BC16>23,BC16<=30),50, 60)))))) -> 0 | BG16: =IF(BC16="","",$BG$9) -> 0 | BH16: =IF(BC16="","",BC16+2*BD16*BE16*IF(BG16<=25,1,IF(BG16>33,2,1.5))) -> 3.66 | BI16: =IF(BC16="","",$BI$9) -> 0 | BJ16: =IF(BC16="","",$BJ$9) -> 0 | BK16: =IF(BJ16="","",IF(BJ16<>0,"×",0)) -> 0 | BL16: =IF(BK16="","", IF(BJ16<>0, IF(AND(BC16>7,BC16<=10),15, IF(AND(BC16>10,BC16<=13),20, IF(AND(BC16>13,BC16<=21),30, IF(AND(BC16>21,BC16<=31),40, IF(AND(BC16>31,BC16<=70),50, IF(AND(BC16>70,BC16<=80),60, "ошибка")))))),0)) -> 0 | BM16: =IF(BL16="","",$BM$9) -> 0 | BN16: =IF(BH16="","",BH16+2*BI16*BJ16) -> 3.66 | BO16: =IF(BN16="","",$BO$9) -> 0 | BP16: =IF(BO16="","",IF(BO16>0,$BP$9,0)) -> 0 | BQ16: =IF(BP16="","",IF(BP16>0,"×","")) | BR16: =IF(BN16="","",IF(BO16=0,0,IF(BN16<=19,30,IF(AND(BN16>19,BN16<=23),40,50)))) -> 0 | BS16: =IF(BO16="","",IF(BO16=0,0,$BS$9)) -> 0 | BT16: =IF(BN16="","",BN16+2*BO16*BP16*IF(BS16<=25,1,IF(BS16>33,2,1.5))) -> 3.66 | BU16: =0.85*BV16-0.1 -> 0.92 | BV16: =IF(BT16="","", IF(AND(BT16>'Данные ТНПА'!$K$8,BT16<='Данные ТНПА'!$L$8),'Данные ТНПА'!$N$8, IF(AND(BT16>'Данные ТНПА'!$K$9,BT16<='Данные ТНПА'!$L$9),'Данные ТНПА'!$N$9, IF(AND(BT16>'Данные ТНПА'!$K$10,BT16<='Данные ТНПА'!$L$10),'Данные ТНПА'!$N$10, IF(AND(BT16>'Данные ТНПА'!$K$11,BT16<='Данные ТНПА'!$L$11),'Данные ТНПА'!$N$11, IF(AND(BT16>'Данные ТНПА'!$K$12,BT16<='Данные ТНПА'!$L$12),'Данные ТНПА'!$N$12, IF(AND(BT16>'Данные ТНПА'!$K$13,BT16<='Данные ТНПА'!$L$13),'Данные ТНПА'!$N$13, IF(AND(BT16>'Данные ТНПА'!$K$14,BT16<='Данные ТНПА'!$L$14),'Данные ТНПА'!$N$14)))))))) -> 1.2 | BW16: =BT16+2*BV16 -> 6.06 | BX16: =IF(C16="а",F16*$BX$9*D16*IF(D16>1,1.007,1),0) -> 0 | BY16: =IF(C16="а",0,F16*$BY$9*D16*IF(D16>1,1.007,1)) -> 35.56 | BZ16: =IF(G16="мс",PI()*(P16/PI()+R16)*R16*$BZ$9*1.13*D16*1.007, PI()*(IF(I16=1,K16,L16)+R16)*R16*$BZ$9*D16*IF(D16>1,1.007,1)*IF(I16=1,1,(IF(F16>=4,1.1,1.07)))) -> 8.7225692 | CA16: =PI()*POWER(Y16,2)/4*$CA$9 -> #REF! | CB16: =IF(AA16="","", IF(AA16=2,SQRT((Z16*PI()/50)^2+1)*$CB$9*AA16,0)) -> 0 | CC16: =PI()*(Z16+AC16*AD16)*AC16*AD16*$CC$9*ROUND(100/(100-AG16),2) -> 0 | CD16: =PI()*(AH16+AI16*AJ16)*AI16*AJ16*$CD$9*ROUND(100/(100-AM16),2) -> 0 | CE16: =PI()*(AN16+AO16*AP16)*AO16*AP16*$CE$9*ROUND(100/(100-AS16),2) -> 0 | CF16: =PI()*(AT16+AU16*AV16)*AU16*AV16*$CF$9*ROUND(100/(100-AY16),2) -> 0 | CG16: =IF(CB16="","", IF(BB16=0,0, IF(AND(G16="мс",AC16=0),(PI()*BC16^2/4-D16*(O16+PI()*(P16/PI()+R16)*R16)-((POWER((N16+R16),2)*(D16*TAN(PI()*((D16-2)/(2*D16)))-(PI()*(D16-2)/2)))))*$CG$9, IF(AND(D16>1,OR(G16="ок",G16="мк")),(PI()*BC16^2/4-PI()*V16^2*(D16+2)/8-D16*(SIN(PI()*(D16-2)/D16))/2*(AB16/2-V16/2)^2)*$CG$9, PI()*(AB16+BB16)*BB16*1.07*$CG$9)))) -> 0 | CH16: =IF(BE16="","", IF(BD16=0,0, PI()*(BC16+BD16*BE16)*BD16*BE16*$CH$9*ROUND(100/(100-BG16),2))) -> 0 | CI16: =IF(BH16="","", PI()*(BH16+BI16*BJ16)*BI16*BJ16*$CI$9*ROUND(100/(100+BM16),2)) -> 0 | CJ16: =IF(BO16="","",PI()*(BN16+BO16*BP16)*BO16*BP16*$CJ$9*ROUND(100/(100-BS16),2)) -> 0 | CK16: =PI()*(BT16+BV16)*BV16*IF($BI$9>0,1.1,1.04)*$CK$9 -> 26.676495 | CL16: =BX16+BY16+BZ16+CK16 -> 70.959064
A17: =IF(D17="",CONCATENATE("Кабель ",IF(C17="а","А",""),$A$9),CONCATENATE("Кабель ",IF(C17="а","А",""),$A$9," ",D17,"*",F17,IF(G17="ок"," (ож)","")," - ",B17," ",IF(G17="мс"," фас. ",""),$A$2)) -> Кабель ВВГ 1*6 (ож) - 0,66 ГОСТ 16442-80 | B17: 0.66 | D17: 1 | E17: × | F17: 6 | G17: ок | H17: 2.77 | I17: 1 | J17: × | K17: =ROUNDUP(SQRT(F17/PI()*4),2) -> 2.77 | L17: 5.65 | Q17: =0.9*R17-0.1 -> 0.53 | R17: =IF(B17=0.66,VLOOKUP(F17,'Данные ТНПА'!$B$8:$C$16,2,0), IF(B17=1,VLOOKUP(F17,'Данные ТНПА'!$B$17:$C$37,2,0),"ошибка")) -> 0.7 | S17: =IF(I17=1,K17+2*Q17,L17+2*Q17) -> 3.83 | V17: =IF(I17=1,K17+2*R17,L17+2*R17) -> 4.17 | Y17: =IF(V17="","",ROUND(V17*IF(AND(D17=4,F17>16),0.414,IF(D17=5,0.702,0)),1)) -> 0 | Z17: =IF(R17="","", IF(G17="мс",2*(V17+(N17+R17)*(1/COS(PI()*(D17-2)/(2*D17))-1)), IF(D17=1,V17*1,IF(D17=2,V17*2,IF(D17=3,V17*2.15,IF(D17=4,V17*2.41,IF(D17=5,V17*2.7,"ошибка"))))))) -> 4.17 | AA17: =IF(G17="","",IF(G17="мс",$AA$9,0)) -> 0 | AB17: =IF(Z17="","",Z17) -> 4.17 | AC17: =IF(G17="","",IF(G17="мс",$AC$9,0)) -> 0 | AD17: =IF(AC17="","",IF(AC17>0,IF(AND(Z17>=10,Z17<=20),0.035,IF(Z17>20,0.05,"ошибка")),0)) -> 0 | AE17: =IF(Z17="","",IF(AND(G17="мс",AC17>0),"×","")) | AF17: =IF(AC17="","",IF(AC17>0,IF(AND(Z17>=10,Z17<=20),50,IF(Z17>20,60,"ошибка")),0)) -> 0 | AG17: =IF(AC17="","",IF(AC17>0,IF(AND(Z17>=10,Z17<=13),40,IF(AND(Z17>=13,Z17<=16),30,IF(Z17>16,25,"ошибка"))),0)) -> 0 | AH17: =IF(Z17="","",IF(AND(G17="мс",AC17>0),Z17+2*AC17*AD17*IF(AG17<=25,1,IF(AG17>33,2,1.5)),Z17)) -> 4.17 | AI17: =IF(OR($AI$9=0,AH17<=10,D17=1,AND(D17>1,F17<=10,OR(G17="ок",G17="мк"))),0,1) -> 0 | AJ17: =IF(AI17=0,0,$AJ$9) -> 0 | AK17: =IF(AI17="","",IF(AI17=0,0,"×")) -> 0 | AL17: =IF(AI17=0,0,$AL$9) -> 0 | AM17: =IF(AI17=0,0, IF(AND(AH17>10,AH17<=13),55, IF(AND(AH17>13,AH17<=15),45, IF(AND(AH17>15,AH17<=18),35, IF(AND(AH17>18,AH17<=20),30, IF(AH17>20,15, 0)))))) -> 0 | AN17: =AH17+2*AI17*AJ17*(IF(AM17<25,1,IF(AM17>33,2,1.5))) -> 4.17 | AO17: =IF(OR(AI17=0,AN17<=10,AN17>23,AND(D17>1,F17<=10,OR(G17="ок",G17="мк"))),0,1) -> 0 | AP17: =IF(OR(AO17=0,AN17>23),0,$AP$9) -> 0 | AQ17: =IF(OR(AN17>23,AO17=0),0,"×") -> 0 | AR17: =IF(OR(AN17>23,AO17=0),0,$AR$9) -> 0 | AS17: =IF(AO17=0,0, IF(AND(AH17>10,AH17<=13),55, IF(AND(AH17>13,AH17<=15),45, IF(AND(AH17>15,AH17<=18),35, IF(AND(AH17>18,AH17<=20),30, IF(AND(AH17>20,AH17<=23),15, 0)))))) -> 0 | AT17: =AN17+2*AO17*AP17*(IF(AS17<25,1,IF(AS17>33,2,1.5))) -> 4.17 | AU17: =IF(OR(AI17=0,D17=1,AN17<=23),0,1) -> 0 | AV17: =IF(OR(AU17=0,AN17<=23),0,$AV$9) -> 0 | AW17: =IF(OR(AN17<=23,AU17=0),0,"×") -> 0 | AX17: =IF(OR(AN17<=23,AU17=0),0,$AX$9) -> 0 | AY17: =IF(AU17=0,0,15) -> 0 | AZ17: =AT17+2*AU17*AV17*(IF(AY17<25,1,IF(AY17>33,2,1.5))) -> 4.17 | BA17: =IF(BB17=0,0, IF(D17=1, (IF(AND(AH17>'Данные ТНПА'!#REF!,AH17<='Данные ТНПА'!#REF!),'Данные ТНПА'!#REF!, IF(AND(AH17>'Данные ТНПА'!#REF!,AH17<='Данные ТНПА'!#REF!),'Данные ТНПА'!#REF!, IF(AND(AH17>'Данные ТНПА'!#REF!,AH17<='Данные ТНПА'!#REF!),'Данные ТНПА'!#REF!, IF(AND(AH17>'Данные ТНПА'!#REF!,AH17<='Данные ТНПА'!#REF!),'Данные ТНПА'!#REF!, IF(AND(AH17>'Данные ТНПА'!#REF!,AH17<='Данные ТНПА'!#REF!),'Данные ТНПА'!#REF!, IF(AND(AH17>'Данные ТНПА'!#REF!,AH17<='Данные ТНПА'!#REF!),'Данные ТНПА'!#REF!, "ошибка_1"))))))), IF(AND(AH17>'Данные ТНПА'!#REF!,AH17<='Данные ТНПА'!#REF!),'Данные ТНПА'!#REF!, IF(AND(AH17>'Данные ТНПА'!#REF!,AH17<='Данные ТНПА'!#REF!),'Данные ТНПА'!#REF!, IF(AND(AH17>'Данные ТНПА'!#REF!,AH17<='Данные ТНПА'!#REF!),'Данные ТНПА'!#REF!, IF(AND(AH17>'Данные ТНПА'!#REF!,AH17<='Данные ТНПА'!#REF!),'Данные ТНПА'!#REF!, IF(AND(AH17>'Данные ТНПА'!#REF!,AH17<='Данные ТНПА'!#REF!),'Данные ТНПА'!#REF!, IF(AND(AH17>'Данные ТНПА'!#REF!,AH17<='Данные ТНПА'!#REF!),'Данные ТНПА'!#REF!, "ошибка_2")))))))) -> 0 | BB17: =IF(OR($AI$9=0,AND(D17>1,F17>10)),0, IF(D17=1, (IF(AND(AH17>'Данные ТНПА'!#REF!,AH17<='Данные ТНПА'!#REF!),'Данные ТНПА'!#REF!, IF(AND(AH17>'Данные ТНПА'!#REF!,AH17<='Данные ТНПА'!#REF!),'Данные ТНПА'!#REF!, IF(AND(AH17>'Данные ТНПА'!#REF!,AH17<='Данные ТНПА'!#REF!),'Данные ТНПА'!#REF!, IF(AND(AH17>'Данные ТНПА'!#REF!,AH17<='Данные ТНПА'!#REF!),'Данные ТНПА'!#REF!, IF(AND(AH17>'Данные ТНПА'!#REF!,AH17<='Данные ТНПА'!#REF!),'Данные ТНПА'!#REF!, IF(AND(AH17>'Данные ТНПА'!#REF!,AH17<='Данные ТНПА'!#REF!),'Данные ТНПА'!#REF!, "ошибка_1"))))))), IF(AND(AH17>'Данные ТНПА'!#REF!,AH17<='Данные ТНПА'!#REF!),'Данные ТНПА'!#REF!, IF(AND(AH17>'Данные ТНПА'!#REF!,AH17<='Данные ТНПА'!#REF!),'Данные ТНПА'!#REF!, IF(AND(AH17>'Данные ТНПА'!#REF!,AH17<='Данные ТНПА'!#REF!),'Данные ТНПА'!#REF!, IF(AND(AH17>'Данные ТНПА'!#REF!,AH17<='Данные ТНПА'!#REF!),'Данные ТНПА'!#REF!, IF(AND(AH17>'Данные ТНПА'!#REF!,AH17<='Данные ТНПА'!#REF!),'Данные ТНПА'!#REF!, IF(AND(AH17>'Данные ТНПА'!#REF!,AH17<='Данные ТНПА'!#REF!),'Данные ТНПА'!#REF!, "ошибка_2")))))))) -> 0 | BC17: =AZ17+2*BB17 -> 4.17 | BD17: =IF(BC17="","", IF(BC17=0,0,$BD$9)) -> 0 | BE17: =IF(BC17="","", IF(BC17=0,0,$BE$9)) -> 0 | BF17: =IF(BC17="","", IF($BD$9=0,0, IF(BC17<=13,20, IF(AND(BC17>13,BC17<=18),30, IF(AND(BC17>18,BC17<=23),40, IF(AND(BC17>23,BC17<=30),50, 60)))))) -> 0 | BG17: =IF(BC17="","",$BG$9) -> 0 | BH17: =IF(BC17="","",BC17+2*BD17*BE17*IF(BG17<=25,1,IF(BG17>33,2,1.5))) -> 4.17 | BI17: =IF(BC17="","",$BI$9) -> 0 | BJ17: =IF(BC17="","",$BJ$9) -> 0 | BK17: =IF(BJ17="","",IF(BJ17<>0,"×",0)) -> 0 | BL17: =IF(BK17="","", IF(BJ17<>0, IF(AND(BC17>7,BC17<=10),15, IF(AND(BC17>10,BC17<=13),20, IF(AND(BC17>13,BC17<=21),30, IF(AND(BC17>21,BC17<=31),40, IF(AND(BC17>31,BC17<=70),50, IF(AND(BC17>70,BC17<=80),60, "ошибка")))))),0)) -> 0 | BM17: =IF(BL17="","",$BM$9) -> 0 | BN17: =IF(BH17="","",BH17+2*BI17*BJ17) -> 4.17 | BO17: =IF(BN17="","",$BO$9) -> 0 | BP17: =IF(BO17="","",IF(BO17>0,$BP$9,0)) -> 0 | BQ17: =IF(BP17="","",IF(BP17>0,"×","")) | BR17: =IF(BN17="","",IF(BO17=0,0,IF(BN17<=19,30,IF(AND(BN17>19,BN17<=23),40,50)))) -> 0 | BS17: =IF(BO17="","",IF(BO17=0,0,$BS$9)) -> 0 | BT17: =IF(BN17="","",BN17+2*BO17*BP17*IF(BS17<=25,1,IF(BS17>33,2,1.5))) -> 4.17 | BU17: =0.85*BV17-0.1 -> 0.92 | BV17: =IF(BT17="","", IF(AND(BT17>'Данные ТНПА'!$K$8,BT17<='Данные ТНПА'!$L$8),'Данные ТНПА'!$N$8, IF(AND(BT17>'Данные ТНПА'!$K$9,BT17<='Данные ТНПА'!$L$9),'Данные ТНПА'!$N$9, IF(AND(BT17>'Данные ТНПА'!$K$10,BT17<='Данные ТНПА'!$L$10),'Данные ТНПА'!$N$10, IF(AND(BT17>'Данные ТНПА'!$K$11,BT17<='Данные ТНПА'!$L$11),'Данные ТНПА'!$N$11, IF(AND(BT17>'Данные ТНПА'!$K$12,BT17<='Данные ТНПА'!$L$12),'Данные ТНПА'!$N$12, IF(AND(BT17>'Данные ТНПА'!$K$13,BT17<='Данные ТНПА'!$L$13),'Данные ТНПА'!$N$13, IF(AND(BT17>'Данные ТНПА'!$K$14,BT17<='Данные ТНПА'!$L$14),'Данные ТНПА'!$N$14)))))))) -> 1.2 | BW17: =BT17+2*BV17 -> 6.57 | BX17: =IF(C17="а",F17*$BX$9*D17*IF(D17>1,1.007,1),0) -> 0 | BY17: =IF(C17="а",0,F17*$BY$9*D17*IF(D17>1,1.007,1)) -> 53.34 | BZ17: =IF(G17="мс",PI()*(P17/PI()+R17)*R17*$BZ$9*1.13*D17*1.007, PI()*(IF(I17=1,K17,L17)+R17)*R17*$BZ$9*D17*IF(D17>1,1.007,1)*IF(I17=1,1,(IF(F17>=4,1.1,1.07)))) -> 10.225444 | CA17: =PI()*POWER(Y17,2)/4*$CA$9 -> #REF! | CB17: =IF(AA17="","", IF(AA17=2,SQRT((Z17*PI()/50)^2+1)*$CB$9*AA17,0)) -> 0 | CC17: =PI()*(Z17+AC17*AD17)*AC17*AD17*$CC$9*ROUND(100/(100-AG17),2) -> 0 | CD17: =PI()*(AH17+AI17*AJ17)*AI17*AJ17*$CD$9*ROUND(100/(100-AM17),2) -> 0 | CE17: =PI()*(AN17+AO17*AP17)*AO17*AP17*$CE$9*ROUND(100/(100-AS17),2) -> 0 | CF17: =PI()*(AT17+AU17*AV17)*AU17*AV17*$CF$9*ROUND(100/(100-AY17),2) -> 0 | CG17: =IF(CB17="","", IF(BB17=0,0, IF(AND(G17="мс",AC17=0),(PI()*BC17^2/4-D17*(O17+PI()*(P17/PI()+R17)*R17)-((POWER((N17+R17),2)*(D17*TAN(PI()*((D17-2)/(2*D17)))-(PI()*(D17-2)/2)))))*$CG$9, IF(AND(D17>1,OR(G17="ок",G17="мк")),(PI()*BC17^2/4-PI()*V17^2*(D17+2)/8-D17*(SIN(PI()*(D17-2)/D17))/2*(AB17/2-V17/2)^2)*$CG$9, PI()*(AB17+BB17)*BB17*1.07*$CG$9)))) -> 0 | CH17: =IF(BE17="","", IF(BD17=0,0, PI()*(BC17+BD17*BE17)*BD17*BE17*$CH$9*ROUND(100/(100-BG17),2))) -> 0 | CI17: =IF(BH17="","", PI()*(BH17+BI17*BJ17)*BI17*BJ17*$CI$9*ROUND(100/(100+BM17),2)) -> 0 | CJ17: =IF(BO17="","",PI()*(BN17+BO17*BP17)*BO17*BP17*$CJ$9*ROUND(100/(100-BS17),2)) -> 0 | CK17: =PI()*(BT17+BV17)*BV17*IF($BI$9>0,1.1,1.04)*$CK$9 -> 29.47588 | CL17: =BX17+BY17+BZ17+CK17 -> 93.041324
A18: =IF(D18="",CONCATENATE("Кабель ",IF(C18="а","А",""),$A$9),CONCATENATE("Кабель ",IF(C18="а","А",""),$A$9," ",D18,"*",F18,IF(G18="ок"," (ож)","")," - ",B18," ",IF(G18="мс"," фас. ",""),$A$2)) -> Кабель ВВГ 1*10 (ож) - 0,66 ГОСТ 16442-80 | B18: 0.66 | D18: 1 | E18: × | F18: 10 | G18: ок | H18: 3.57 | I18: 1 | J18: × | K18: =ROUNDUP(SQRT(F18/PI()*4),2) -> 3.57 | L18: 5.99 | Q18: =0.9*R18-0.1 -> 0.71 | R18: =IF(B18=0.66,VLOOKUP(F18,'Данные ТНПА'!$B$8:$C$16,2,0), IF(B18=1,VLOOKUP(F18,'Данные ТНПА'!$B$17:$C$37,2,0),"ошибка")) -> 0.9 | S18: =IF(I18=1,K18+2*Q18,L18+2*Q18) -> 4.99 | V18: =IF(I18=1,K18+2*R18,L18+2*R18) -> 5.37 | Y18: =IF(V18="","",ROUND(V18*IF(AND(D18=4,F18>16),0.414,IF(D18=5,0.702,0)),1)) -> 0 | Z18: =IF(R18="","", IF(G18="мс",2*(V18+(N18+R18)*(1/COS(PI()*(D18-2)/(2*D18))-1)), IF(D18=1,V18*1,IF(D18=2,V18*2,IF(D18=3,V18*2.15,IF(D18=4,V18*2.41,IF(D18=5,V18*2.7,"ошибка"))))))) -> 5.37 | AA18: =IF(G18="","",IF(G18="мс",$AA$9,0)) -> 0 | AB18: =IF(Z18="","",Z18) -> 5.37 | AC18: =IF(G18="","",IF(G18="мс",$AC$9,0)) -> 0 | AD18: =IF(AC18="","",IF(AC18>0,IF(AND(Z18>=10,Z18<=20),0.035,IF(Z18>20,0.05,"ошибка")),0)) -> 0 | AE18: =IF(Z18="","",IF(AND(G18="мс",AC18>0),"×","")) | AF18: =IF(AC18="","",IF(AC18>0,IF(AND(Z18>=10,Z18<=20),50,IF(Z18>20,60,"ошибка")),0)) -> 0 | AG18: =IF(AC18="","",IF(AC18>0,IF(AND(Z18>=10,Z18<=13),40,IF(AND(Z18>=13,Z18<=16),30,IF(Z18>16,25,"ошибка"))),0)) -> 0 | AH18: =IF(Z18="","",IF(AND(G18="мс",AC18>0),Z18+2*AC18*AD18*IF(AG18<=25,1,IF(AG18>33,2,1.5)),Z18)) -> 5.37 | AI18: =IF(OR($AI$9=0,AH18<=10,D18=1,AND(D18>1,F18<=10,OR(G18="ок",G18="мк"))),0,1) -> 0 | AJ18: =IF(AI18=0,0,$AJ$9) -> 0 | AK18: =IF(AI18="","",IF(AI18=0,0,"×")) -> 0 | AL18: =IF(AI18=0,0,$AL$9) -> 0 | AM18: =IF(AI18=0,0, IF(AND(AH18>10,AH18<=13),55, IF(AND(AH18>13,AH18<=15),45, IF(AND(AH18>15,AH18<=18),35, IF(AND(AH18>18,AH18<=20),30, IF(AH18>20,15, 0)))))) -> 0 | AN18: =AH18+2*AI18*AJ18*(IF(AM18<25,1,IF(AM18>33,2,1.5))) -> 5.37 | AO18: =IF(OR(AI18=0,AN18<=10,AN18>23,AND(D18>1,F18<=10,OR(G18="ок",G18="мк"))),0,1) -> 0 | AP18: =IF(OR(AO18=0,AN18>23),0,$AP$9) -> 0 | AQ18: =IF(OR(AN18>23,AO18=0),0,"×") -> 0 | AR18: =IF(OR(AN18>23,AO18=0),0,$AR$9) -> 0 | AS18: =IF(AO18=0,0, IF(AND(AH18>10,AH18<=13),55, IF(AND(AH18>13,AH18<=15),45, IF(AND(AH18>15,AH18<=18),35, IF(AND(AH18>18,AH18<=20),30, IF(AND(AH18>20,AH18<=23),15, 0)))))) -> 0 | AT18: =AN18+2*AO18*AP18*(IF(AS18<25,1,IF(AS18>33,2,1.5))) -> 5.37 | AU18: =IF(OR(AI18=0,D18=1,AN18<=23),0,1) -> 0 | AV18: =IF(OR(AU18=0,AN18<=23),0,$AV$9) -> 0 | AW18: =IF(OR(AN18<=23,AU18=0),0,"×") -> 0 | AX18: =IF(OR(AN18<=23,AU18=0),0,$AX$9) -> 0 | AY18: =IF(AU18=0,0,15) -> 0 | AZ18: =AT18+2*AU18*AV18*(IF(AY18<25,1,IF(AY18>33,2,1.5))) -> 5.37 | BA18: =IF(BB18=0,0, IF(D18=1, (IF(AND(AH18>'Данные ТНПА'!#REF!,AH18<='Данные ТНПА'!#REF!),'Данные ТНПА'!#REF!, IF(AND(AH18>'Данные ТНПА'!#REF!,AH18<='Данные ТНПА'!#REF!),'Данные ТНПА'!#REF!, IF(AND(AH18>'Данные ТНПА'!#REF!,AH18<='Данные ТНПА'!#REF!),'Данные ТНПА'!#REF!, IF(AND(AH18>'Данные ТНПА'!#REF!,AH18<='Данные ТНПА'!#REF!),'Данные ТНПА'!#REF!, IF(AND(AH18>'Данные ТНПА'!#REF!,AH18<='Данные ТНПА'!#REF!),'Данные ТНПА'!#REF!, IF(AND(AH18>'Данные ТНПА'!#REF!,AH18<='Данные ТНПА'!#REF!),'Данные ТНПА'!#REF!, "ошибка_1"))))))), IF(AND(AH18>'Данные ТНПА'!#REF!,AH18<='Данные ТНПА'!#REF!),'Данные ТНПА'!#REF!, IF(AND(AH18>'Данные ТНПА'!#REF!,AH18<='Данные ТНПА'!#REF!),'Данные ТНПА'!#REF!, IF(AND(AH18>'Данные ТНПА'!#REF!,AH18<='Данные ТНПА'!#REF!),'Данные ТНПА'!#REF!, IF(AND(AH18>'Данные ТНПА'!#REF!,AH18<='Данные ТНПА'!#REF!),'Данные ТНПА'!#REF!, IF(AND(AH18>'Данные ТНПА'!#REF!,AH18<='Данные ТНПА'!#REF!),'Данные ТНПА'!#REF!, IF(AND(AH18>'Данные ТНПА'!#REF!,AH18<='Данные ТНПА'!#REF!),'Данные ТНПА'!#REF!, "ошибка_2")))))))) -> 0 | BB18: =IF(OR($AI$9=0,AND(D18>1,F18>10)),0, IF(D18=1, (IF(AND(AH18>'Данные ТНПА'!#REF!,AH18<='Данные ТНПА'!#REF!),'Данные ТНПА'!#REF!, IF(AND(AH18>'Данные ТНПА'!#REF!,AH18<='Данные ТНПА'!#REF!),'Данные ТНПА'!#REF!, IF(AND(AH18>'Данные ТНПА'!#REF!,AH18<='Данные ТНПА'!#REF!),'Данные ТНПА'!#REF!, IF(AND(AH18>'Данные ТНПА'!#REF!,AH18<='Данные ТНПА'!#REF!),'Данные ТНПА'!#REF!, IF(AND(AH18>'Данные ТНПА'!#REF!,AH18<='Данные ТНПА'!#REF!),'Данные ТНПА'!#REF!, IF(AND(AH18>'Данные ТНПА'!#REF!,AH18<='Данные ТНПА'!#REF!),'Данные ТНПА'!#REF!, "ошибка_1"))))))), IF(AND(AH18>'Данные ТНПА'!#REF!,AH18<='Данные ТНПА'!#REF!),'Данные ТНПА'!#REF!, IF(AND(AH18>'Данные ТНПА'!#REF!,AH18<='Данные ТНПА'!#REF!),'Данные ТНПА'!#REF!, IF(AND(AH18>'Данные ТНПА'!#REF!,AH18<='Данные ТНПА'!#REF!),'Данные ТНПА'!#REF!, IF(AND(AH18>'Данные ТНПА'!#REF!,AH18<='Данные ТНПА'!#REF!),'Данные ТНПА'!#REF!, IF(AND(AH18>'Данные ТНПА'!#REF!,AH18<='Данные ТНПА'!#REF!),'Данные ТНПА'!#REF!, IF(AND(AH18>'Данные ТНПА'!#REF!,AH18<='Данные ТНПА'!#REF!),'Данные ТНПА'!#REF!, "ошибка_2")))))))) -> 0 | BC18: =AZ18+2*BB18 -> 5.37 | BD18: =IF(BC18="","", IF(BC18=0,0,$BD$9)) -> 0 | BE18: =IF(BC18="","", IF(BC18=0,0,$BE$9)) -> 0 | BF18: =IF(BC18="","", IF($BD$9=0,0, IF(BC18<=13,20, IF(AND(BC18>13,BC18<=18),30, IF(AND(BC18>18,BC18<=23),40, IF(AND(BC18>23,BC18<=30),50, 60)))))) -> 0 | BG18: =IF(BC18="","",$BG$9) -> 0 | BH18: =IF(BC18="","",BC18+2*BD18*BE18*IF(BG18<=25,1,IF(BG18>33,2,1.5))) -> 5.37 | BI18: =IF(BC18="","",$BI$9) -> 0 | BJ18: =IF(BC18="","",$BJ$9) -> 0 | BK18: =IF(BJ18="","",IF(BJ18<>0,"×",0)) -> 0 | BL18: =IF(BK18="","", IF(BJ18<>0, IF(AND(BC18>7,BC18<=10),15, IF(AND(BC18>10,BC18<=13),20, IF(AND(BC18>13,BC18<=21),30, IF(AND(BC18>21,BC18<=31),40, IF(AND(BC18>31,BC18<=70),50, IF(AND(BC18>70,BC18<=80),60, "ошибка")))))),0)) -> 0 | BM18: =IF(BL18="","",$BM$9) -> 0 | BN18: =IF(BH18="","",BH18+2*BI18*BJ18) -> 5.37 | BO18: =IF(BN18="","",$BO$9) -> 0 | BP18: =IF(BO18="","",IF(BO18>0,$BP$9,0)) -> 0 | BQ18: =IF(BP18="","",IF(BP18>0,"×","")) | BR18: =IF(BN18="","",IF(BO18=0,0,IF(BN18<=19,30,IF(AND(BN18>19,BN18<=23),40,50)))) -> 0 | BS18: =IF(BO18="","",IF(BO18=0,0,$BS$9)) -> 0 | BT18: =IF(BN18="","",BN18+2*BO18*BP18*IF(BS18<=25,1,IF(BS18>33,2,1.5))) -> 5.37 | BU18: =0.85*BV18-0.1 -> 0.92 | BV18: =IF(BT18="","", IF(AND(BT18>'Данные ТНПА'!$K$8,BT18<='Данные ТНПА'!$L$8),'Данные ТНПА'!$N$8, IF(AND(BT18>'Данные ТНПА'!$K$9,BT18<='Данные ТНПА'!$L$9),'Данные ТНПА'!$N$9, IF(AND(BT18>'Данные ТНПА'!$K$10,BT18<='Данные ТНПА'!$L$10),'Данные ТНПА'!$N$10, IF(AND(BT18>'Данные ТНПА'!$K$11,BT18<='Данные ТНПА'!$L$11),'Данные ТНПА'!$N$11, IF(AND(BT18>'Данные ТНПА'!$K$12,BT18<='Данные ТНПА'!$L$12),'Данные ТНПА'!$N$12, IF(AND(BT18>'Данные ТНПА'!$K$13,BT18<='Данные ТНПА'!$L$13),'Данные ТНПА'!$N$13, IF(AND(BT18>'Данные ТНПА'!$K$14,BT18<='Данные ТНПА'!$L$14),'Данные ТНПА'!$N$14)))))))) -> 1.2 | BW18: =BT18+2*BV18 -> 7.77 | BX18: =IF(C18="а",F18*$BX$9*D18*IF(D18>1,1.007,1),0) -> 0 | BY18: =IF(C18="а",0,F18*$BY$9*D18*IF(D18>1,1.007,1)) -> 88.9 | BZ18: =IF(G18="мс",PI()*(P18/PI()+R18)*R18*$BZ$9*1.13*D18*1.007, PI()*(IF(I18=1,K18,L18)+R18)*R18*$BZ$9*D18*IF(D18>1,1.007,1)*IF(I18=1,1,(IF(F18>=4,1.1,1.07)))) -> 16.935761 | CA18: =PI()*POWER(Y18,2)/4*$CA$9 -> #REF! | CB18: =IF(AA18="","", IF(AA18=2,SQRT((Z18*PI()/50)^2+1)*$CB$9*AA18,0)) -> 0 | CC18: =PI()*(Z18+AC18*AD18)*AC18*AD18*$CC$9*ROUND(100/(100-AG18),2) -> 0 | CD18: =PI()*(AH18+AI18*AJ18)*AI18*AJ18*$CD$9*ROUND(100/(100-AM18),2) -> 0 | CE18: =PI()*(AN18+AO18*AP18)*AO18*AP18*$CE$9*ROUND(100/(100-AS18),2) -> 0 | CF18: =PI()*(AT18+AU18*AV18)*AU18*AV18*$CF$9*ROUND(100/(100-AY18),2) -> 0 | CG18: =IF(CB18="","", IF(BB18=0,0, IF(AND(G18="мс",AC18=0),(PI()*BC18^2/4-D18*(O18+PI()*(P18/PI()+R18)*R18)-((POWER((N18+R18),2)*(D18*TAN(PI()*((D18-2)/(2*D18)))-(PI()*(D18-2)/2)))))*$CG$9, IF(AND(D18>1,OR(G18="ок",G18="мк")),(PI()*BC18^2/4-PI()*V18^2*(D18+2)/8-D18*(SIN(PI()*(D18-2)/D18))/2*(AB18/2-V18/2)^2)*$CG$9, PI()*(AB18+BB18)*BB18*1.07*$CG$9)))) -> 0 | CH18: =IF(BE18="","", IF(BD18=0,0, PI()*(BC18+BD18*BE18)*BD18*BE18*$CH$9*ROUND(100/(100-BG18),2))) -> 0 | CI18: =IF(BH18="","", PI()*(BH18+BI18*BJ18)*BI18*BJ18*$CI$9*ROUND(100/(100+BM18),2)) -> 0 | CJ18: =IF(BO18="","",PI()*(BN18+BO18*BP18)*BO18*BP18*$CJ$9*ROUND(100/(100-BS18),2)) -> 0 | CK18: =PI()*(BT18+BV18)*BV18*IF($BI$9>0,1.1,1.04)*$CK$9 -> 36.062669 | CL18: =BX18+BY18+BZ18+CK18 -> 141.89843
A19: =IF(D19="",CONCATENATE("Кабель ",IF(C19="а","А",""),$A$9),CONCATENATE("Кабель ",IF(C19="а","А",""),$A$9," ",D19,"*",F19,IF(G19="ок"," (ож)","")," - ",B19," ",IF(G19="мс"," фас. ",""),$A$2)) -> Кабель ВВГ 1*16 (ож) - 0,66 ГОСТ 16442-80 | B19: 0.66 | D19: 1 | E19: × | F19: 16 | G19: ок | H19: 4.52 | I19: 1 | J19: × | K19: =ROUNDUP(SQRT(F19/PI()*4),2) -> 4.52 | L19: 6.68 | Q19: =0.9*R19-0.1 -> 0.71 | R19: =IF(B19=0.66,VLOOKUP(F19,'Данные ТНПА'!$B$8:$C$16,2,0), IF(B19=1,VLOOKUP(F19,'Данные ТНПА'!$B$17:$C$37,2,0),"ошибка")) -> 0.9 | S19: =IF(I19=1,K19+2*Q19,L19+2*Q19) -> 5.94 | V19: =IF(I19=1,K19+2*R19,L19+2*R19) -> 6.32 | Y19: =IF(V19="","",ROUND(V19*IF(AND(D19=4,F19>16),0.414,IF(D19=5,0.702,0)),1)) -> 0 | Z19: =IF(R19="","", IF(G19="мс",2*(V19+(N19+R19)*(1/COS(PI()*(D19-2)/(2*D19))-1)), IF(D19=1,V19*1,IF(D19=2,V19*2,IF(D19=3,V19*2.15,IF(D19=4,V19*2.41,IF(D19=5,V19*2.7,"ошибка"))))))) -> 6.32 | AA19: =IF(G19="","",IF(G19="мс",$AA$9,0)) -> 0 | AB19: =IF(Z19="","",Z19) -> 6.32 | AC19: =IF(G19="","",IF(G19="мс",$AC$9,0)) -> 0 | AD19: =IF(AC19="","",IF(AC19>0,IF(AND(Z19>=10,Z19<=20),0.035,IF(Z19>20,0.05,"ошибка")),0)) -> 0 | AE19: =IF(Z19="","",IF(AND(G19="мс",AC19>0),"×","")) | AF19: =IF(AC19="","",IF(AC19>0,IF(AND(Z19>=10,Z19<=20),50,IF(Z19>20,60,"ошибка")),0)) -> 0 | AG19: =IF(AC19="","",IF(AC19>0,IF(AND(Z19>=10,Z19<=13),40,IF(AND(Z19>=13,Z19<=16),30,IF(Z19>16,25,"ошибка"))),0)) -> 0 | AH19: =IF(Z19="","",IF(AND(G19="мс",AC19>0),Z19+2*AC19*AD19*IF(AG19<=25,1,IF(AG19>33,2,1.5)),Z19)) -> 6.32 | AI19: =IF(OR($AI$9=0,AH19<=10,D19=1,AND(D19>1,F19<=10,OR(G19="ок",G19="мк"))),0,1) -> 0 | AJ19: =IF(AI19=0,0,$AJ$9) -> 0 | AK19: =IF(AI19="","",IF(AI19=0,0,"×")) -> 0 | AL19: =IF(AI19=0,0,$AL$9) -> 0 | AM19: =IF(AI19=0,0, IF(AND(AH19>10,AH19<=13),55, IF(AND(AH19>13,AH19<=15),45, IF(AND(AH19>15,AH19<=18),35, IF(AND(AH19>18,AH19<=20),30, IF(AH19>20,15, 0)))))) -> 0 | AN19: =AH19+2*AI19*AJ19*(IF(AM19<25,1,IF(AM19>33,2,1.5))) -> 6.32 | AO19: =IF(OR(AI19=0,AN19<=10,AN19>23,AND(D19>1,F19<=10,OR(G19="ок",G19="мк"))),0,1) -> 0 | AP19: =IF(OR(AO19=0,AN19>23),0,$AP$9) -> 0 | AQ19: =IF(OR(AN19>23,AO19=0),0,"×") -> 0 | AR19: =IF(OR(AN19>23,AO19=0),0,$AR$9) -> 0 | AS19: =IF(AO19=0,0, IF(AND(AH19>10,AH19<=13),55, IF(AND(AH19>13,AH19<=15),45, IF(AND(AH19>15,AH19<=18),35, IF(AND(AH19>18,AH19<=20),30, IF(AND(AH19>20,AH19<=23),15, 0)))))) -> 0 | AT19: =AN19+2*AO19*AP19*(IF(AS19<25,1,IF(AS19>33,2,1.5))) -> 6.32 | AU19: =IF(OR(AI19=0,D19=1,AN19<=23),0,1) -> 0 | AV19: =IF(OR(AU19=0,AN19<=23),0,$AV$9) -> 0 | AW19: =IF(OR(AN19<=23,AU19=0),0,"×") -> 0 | AX19: =IF(OR(AN19<=23,AU19=0),0,$AX$9) -> 0 | AY19: =IF(AU19=0,0,15) -> 0 | AZ19: =AT19+2*AU19*AV19*(IF(AY19<25,1,IF(AY19>33,2,1.5))) -> 6.32 | BA19: =IF(BB19=0,0, IF(D19=1, (IF(AND(AH19>'Данные ТНПА'!#REF!,AH19<='Данные ТНПА'!#REF!),'Данные ТНПА'!#REF!, IF(AND(AH19>'Данные ТНПА'!#REF!,AH19<='Данные ТНПА'!#REF!),'Данные ТНПА'!#REF!, IF(AND(AH19>'Данные ТНПА'!#REF!,AH19<='Данные ТНПА'!#REF!),'Данные ТНПА'!#REF!, IF(AND(AH19>'Данные ТНПА'!#REF!,AH19<='Данные ТНПА'!#REF!),'Данные ТНПА'!#REF!, IF(AND(AH19>'Данные ТНПА'!#REF!,AH19<='Данные ТНПА'!#REF!),'Данные ТНПА'!#REF!, IF(AND(AH19>'Данные ТНПА'!#REF!,AH19<='Данные ТНПА'!#REF!),'Данные ТНПА'!#REF!, "ошибка_1"))))))), IF(AND(AH19>'Данные ТНПА'!#REF!,AH19<='Данные ТНПА'!#REF!),'Данные ТНПА'!#REF!, IF(AND(AH19>'Данные ТНПА'!#REF!,AH19<='Данные ТНПА'!#REF!),'Данные ТНПА'!#REF!, IF(AND(AH19>'Данные ТНПА'!#REF!,AH19<='Данные ТНПА'!#REF!),'Данные ТНПА'!#REF!, IF(AND(AH19>'Данные ТНПА'!#REF!,AH19<='Данные ТНПА'!#REF!),'Данные ТНПА'!#REF!, IF(AND(AH19>'Данные ТНПА'!#REF!,AH19<='Данные ТНПА'!#REF!),'Данные ТНПА'!#REF!, IF(AND(AH19>'Данные ТНПА'!#REF!,AH19<='Данные ТНПА'!#REF!),'Данные ТНПА'!#REF!, "ошибка_2")))))))) -> 0 | BB19: =IF(OR($AI$9=0,AND(D19>1,F19>10)),0, IF(D19=1, (IF(AND(AH19>'Данные ТНПА'!#REF!,AH19<='Данные ТНПА'!#REF!),'Данные ТНПА'!#REF!, IF(AND(AH19>'Данные ТНПА'!#REF!,AH19<='Данные ТНПА'!#REF!),'Данные ТНПА'!#REF!, IF(AND(AH19>'Данные ТНПА'!#REF!,AH19<='Данные ТНПА'!#REF!),'Данные ТНПА'!#REF!, IF(AND(AH19>'Данные ТНПА'!#REF!,AH19<='Данные ТНПА'!#REF!),'Данные ТНПА'!#REF!, IF(AND(AH19>'Данные ТНПА'!#REF!,AH19<='Данные ТНПА'!#REF!),'Данные ТНПА'!#REF!, IF(AND(AH19>'Данные ТНПА'!#REF!,AH19<='Данные ТНПА'!#REF!),'Данные ТНПА'!#REF!, "ошибка_1"))))))), IF(AND(AH19>'Данные ТНПА'!#REF!,AH19<='Данные ТНПА'!#REF!),'Данные ТНПА'!#REF!, IF(AND(AH19>'Данные ТНПА'!#REF!,AH19<='Данные ТНПА'!#REF!),'Данные ТНПА'!#REF!, IF(AND(AH19>'Данные ТНПА'!#REF!,AH19<='Данные ТНПА'!#REF!),'Данные ТНПА'!#REF!, IF(AND(AH19>'Данные ТНПА'!#REF!,AH19<='Данные ТНПА'!#REF!),'Данные ТНПА'!#REF!, IF(AND(AH19>'Данные ТНПА'!#REF!,AH19<='Данные ТНПА'!#REF!),'Данные ТНПА'!#REF!, IF(AND(AH19>'Данные ТНПА'!#REF!,AH19<='Данные ТНПА'!#REF!),'Данные ТНПА'!#REF!, "ошибка_2")))))))) -> 0 | BC19: =AZ19+2*BB19 -> 6.32 | BD19: =IF(BC19="","", IF(BC19=0,0,$BD$9)) -> 0 | BE19: =IF(BC19="","", IF(BC19=0,0,$BE$9)) -> 0 | BF19: =IF(BC19="","", IF($BD$9=0,0, IF(BC19<=13,20, IF(AND(BC19>13,BC19<=18),30, IF(AND(BC19>18,BC19<=23),40, IF(AND(BC19>23,BC19<=30),50, 60)))))) -> 0 | BG19: =IF(BC19="","",$BG$9) -> 0 | BH19: =IF(BC19="","",BC19+2*BD19*BE19*IF(BG19<=25,1,IF(BG19>33,2,1.5))) -> 6.32 | BI19: =IF(BC19="","",$BI$9) -> 0 | BJ19: =IF(BC19="","",$BJ$9) -> 0 | BK19: =IF(BJ19="","",IF(BJ19<>0,"×",0)) -> 0 | BL19: =IF(BK19="","", IF(BJ19<>0, IF(AND(BC19>7,BC19<=10),15, IF(AND(BC19>10,BC19<=13),20, IF(AND(BC19>13,BC19<=21),30, IF(AND(BC19>21,BC19<=31),40, IF(AND(BC19>31,BC19<=70),50, IF(AND(BC19>70,BC19<=80),60, "ошибка")))))),0)) -> 0 | BM19: =IF(BL19="","",$BM$9) -> 0 | BN19: =IF(BH19="","",BH19+2*BI19*BJ19) -> 6.32 | BO19: =IF(BN19="","",$BO$9) -> 0 | BP19: =IF(BO19="","",IF(BO19>0,$BP$9,0)) -> 0 | BQ19: =IF(BP19="","",IF(BP19>0,"×","")) | BR19: =IF(BN19="","",IF(BO19=0,0,IF(BN19<=19,30,IF(AND(BN19>19,BN19<=23),40,50)))) -> 0 | BS19: =IF(BO19="","",IF(BO19=0,0,$BS$9)) -> 0 | BT19: =IF(BN19="","",BN19+2*BO19*BP19*IF(BS19<=25,1,IF(BS19>33,2,1.5))) -> 6.32 | BU19: =0.85*BV19-0.1 -> 1.175 | BV19: =IF(BT19="","", IF(AND(BT19>'Данные ТНПА'!$K$8,BT19<='Данные ТНПА'!$L$8),'Данные ТНПА'!$N$8, IF(AND(BT19>'Данные ТНПА'!$K$9,BT19<='Данные ТНПА'!$L$9),'Данные ТНПА'!$N$9, IF(AND(BT19>'Данные ТНПА'!$K$10,BT19<='Данные ТНПА'!$L$10),'Данные ТНПА'!$N$10, IF(AND(BT19>'Данные ТНПА'!$K$11,BT19<='Данные ТНПА'!$L$11),'Данные ТНПА'!$N$11, IF(AND(BT19>'Данные ТНПА'!$K$12,BT19<='Данные ТНПА'!$L$12),'Данные ТНПА'!$N$12, IF(AND(BT19>'Данные ТНПА'!$K$13,BT19<='Данные ТНПА'!$L$13),'Данные ТНПА'!$N$13, IF(AND(BT19>'Данные ТНПА'!$K$14,BT19<='Данные ТНПА'!$L$14),'Данные ТНПА'!$N$14)))))))) -> 1.5 | BW19: =BT19+2*BV19 -> 9.32 | BX19: =IF(C19="а",F19*$BX$9*D19*IF(D19>1,1.007,1),0) -> 0 | BY19: =IF(C19="а",0,F19*$BY$9*D19*IF(D19>1,1.007,1)) -> 142.24 | BZ19: =IF(G19="мс",PI()*(P19/PI()+R19)*R19*$BZ$9*1.13*D19*1.007, PI()*(IF(I19=1,K19,L19)+R19)*R19*$BZ$9*D19*IF(D19>1,1.007,1)*IF(I19=1,1,(IF(F19>=4,1.1,1.07)))) -> 20.535083 | CA19: =PI()*POWER(Y19,2)/4*$CA$9 -> #REF! | CB19: =IF(AA19="","", IF(AA19=2,SQRT((Z19*PI()/50)^2+1)*$CB$9*AA19,0)) -> 0 | CC19: =PI()*(Z19+AC19*AD19)*AC19*AD19*$CC$9*ROUND(100/(100-AG19),2) -> 0 | CD19: =PI()*(AH19+AI19*AJ19)*AI19*AJ19*$CD$9*ROUND(100/(100-AM19),2) -> 0 | CE19: =PI()*(AN19+AO19*AP19)*AO19*AP19*$CE$9*ROUND(100/(100-AS19),2) -> 0 | CF19: =PI()*(AT19+AU19*AV19)*AU19*AV19*$CF$9*ROUND(100/(100-AY19),2) -> 0 | CG19: =IF(CB19="","", IF(BB19=0,0, IF(AND(G19="мс",AC19=0),(PI()*BC19^2/4-D19*(O19+PI()*(P19/PI()+R19)*R19)-((POWER((N19+R19),2)*(D19*TAN(PI()*((D19-2)/(2*D19)))-(PI()*(D19-2)/2)))))*$CG$9, IF(AND(D19>1,OR(G19="ок",G19="мк")),(PI()*BC19^2/4-PI()*V19^2*(D19+2)/8-D19*(SIN(PI()*(D19-2)/D19))/2*(AB19/2-V19/2)^2)*$CG$9, PI()*(AB19+BB19)*BB19*1.07*$CG$9)))) -> 0 | CH19: =IF(BE19="","", IF(BD19=0,0, PI()*(BC19+BD19*BE19)*BD19*BE19*$CH$9*ROUND(100/(100-BG19),2))) -> 0 | CI19: =IF(BH19="","", PI()*(BH19+BI19*BJ19)*BI19*BJ19*$CI$9*ROUND(100/(100+BM19),2)) -> 0 | CJ19: =IF(BO19="","",PI()*(BN19+BO19*BP19)*BO19*BP19*$CJ$9*ROUND(100/(100-BS19),2)) -> 0 | CK19: =PI()*(BT19+BV19)*BV19*IF($BI$9>0,1.1,1.04)*$CK$9 -> 53.654884 | CL19: =BX19+BY19+BZ19+CK19 -> 216.42997
A20: =IF(D20="",CONCATENATE("Кабель ",IF(C20="а","А",""),$A$9),CONCATENATE("Кабель ",IF(C20="а","А",""),$A$9," ",D20,"*",F20,IF(G20="ок"," (ож)","")," - ",B20," ",IF(G20="мс"," фас. ",""),$A$2)) -> Кабель ВВГ 1*25 (ож) - 0,66 ГОСТ 16442-80 | B20: 0.66 | D20: 1 | E20: × | F20: 25 | G20: ок | H20: 5.65 | I20: 1 | J20: × | K20: =ROUNDUP(SQRT(F20/PI()*4),2) -> 5.65 | L20: 7.1 | Q20: =0.9*R20-0.1 -> 0.89 | R20: =IF(B20=0.66,VLOOKUP(F20,'Данные ТНПА'!$B$8:$C$16,2,0), IF(B20=1,VLOOKUP(F20,'Данные ТНПА'!$B$17:$C$37,2,0),"ошибка")) -> 1.1 | S20: =IF(I20=1,K20+2*Q20,L20+2*Q20) -> 7.43 | V20: =IF(I20=1,K20+2*R20,L20+2*R20) -> 7.85 | Y20: =IF(V20="","",ROUND(V20*IF(AND(D20=4,F20>16),0.414,IF(D20=5,0.702,0)),1)) -> 0 | Z20: =IF(R20="","", IF(G20="мс",2*(V20+(N20+R20)*(1/COS(PI()*(D20-2)/(2*D20))-1)), IF(D20=1,V20*1,IF(D20=2,V20*2,IF(D20=3,V20*2.15,IF(D20=4,V20*2.41,IF(D20=5,V20*2.7,"ошибка"))))))) -> 7.85 | AA20: =IF(G20="","",IF(G20="мс",$AA$9,0)) -> 0 | AB20: =IF(Z20="","",Z20) -> 7.85 | AC20: =IF(G20="","",IF(G20="мс",$AC$9,0)) -> 0 | AD20: =IF(AC20="","",IF(AC20>0,IF(AND(Z20>=10,Z20<=20),0.035,IF(Z20>20,0.05,"ошибка")),0)) -> 0 | AE20: =IF(Z20="","",IF(AND(G20="мс",AC20>0),"×","")) | AF20: =IF(AC20="","",IF(AC20>0,IF(AND(Z20>=10,Z20<=20),50,IF(Z20>20,60,"ошибка")),0)) -> 0 | AG20: =IF(AC20="","",IF(AC20>0,IF(AND(Z20>=10,Z20<=13),40,IF(AND(Z20>=13,Z20<=16),30,IF(Z20>16,25,"ошибка"))),0)) -> 0 | AH20: =IF(Z20="","",IF(AND(G20="мс",AC20>0),Z20+2*AC20*AD20*IF(AG20<=25,1,IF(AG20>33,2,1.5)),Z20)) -> 7.85 | AI20: =IF(OR($AI$9=0,AH20<=10,D20=1,AND(D20>1,F20<=10,OR(G20="ок",G20="мк"))),0,1) -> 0 | AJ20: =IF(AI20=0,0,$AJ$9) -> 0 | AK20: =IF(AI20="","",IF(AI20=0,0,"×")) -> 0 | AL20: =IF(AI20=0,0,$AL$9) -> 0 | AM20: =IF(AI20=0,0, IF(AND(AH20>10,AH20<=13),55, IF(AND(AH20>13,AH20<=15),45, IF(AND(AH20>15,AH20<=18),35, IF(AND(AH20>18,AH20<=20),30, IF(AH20>20,15, 0)))))) -> 0 | AN20: =AH20+2*AI20*AJ20*(IF(AM20<25,1,IF(AM20>33,2,1.5))) -> 7.85 | AO20: =IF(OR(AI20=0,AN20<=10,AN20>23,AND(D20>1,F20<=10,OR(G20="ок",G20="мк"))),0,1) -> 0 | AP20: =IF(OR(AO20=0,AN20>23),0,$AP$9) -> 0 | AQ20: =IF(OR(AN20>23,AO20=0),0,"×") -> 0 | AR20: =IF(OR(AN20>23,AO20=0),0,$AR$9) -> 0 | AS20: =IF(AO20=0,0, IF(AND(AH20>10,AH20<=13),55, IF(AND(AH20>13,AH20<=15),45, IF(AND(AH20>15,AH20<=18),35, IF(AND(AH20>18,AH20<=20),30, IF(AND(AH20>20,AH20<=23),15, 0)))))) -> 0 | AT20: =AN20+2*AO20*AP20*(IF(AS20<25,1,IF(AS20>33,2,1.5))) -> 7.85 | AU20: =IF(OR(AI20=0,D20=1,AN20<=23),0,1) -> 0 | AV20: =IF(OR(AU20=0,AN20<=23),0,$AV$9) -> 0 | AW20: =IF(OR(AN20<=23,AU20=0),0,"×") -> 0 | AX20: =IF(OR(AN20<=23,AU20=0),0,$AX$9) -> 0 | AY20: =IF(AU20=0,0,15) -> 0 | AZ20: =AT20+2*AU20*AV20*(IF(AY20<25,1,IF(AY20>33,2,1.5))) -> 7.85 | BA20: =IF(BB20=0,0, IF(D20=1, (IF(AND(AH20>'Данные ТНПА'!#REF!,AH20<='Данные ТНПА'!#REF!),'Данные ТНПА'!#REF!, IF(AND(AH20>'Данные ТНПА'!#REF!,AH20<='Данные ТНПА'!#REF!),'Данные ТНПА'!#REF!, IF(AND(AH20>'Данные ТНПА'!#REF!,AH20<='Данные ТНПА'!#REF!),'Данные ТНПА'!#REF!, IF(AND(AH20>'Данные ТНПА'!#REF!,AH20<='Данные ТНПА'!#REF!),'Данные ТНПА'!#REF!, IF(AND(AH20>'Данные ТНПА'!#REF!,AH20<='Данные ТНПА'!#REF!),'Данные ТНПА'!#REF!, IF(AND(AH20>'Данные ТНПА'!#REF!,AH20<='Данные ТНПА'!#REF!),'Данные ТНПА'!#REF!, "ошибка_1"))))))), IF(AND(AH20>'Данные ТНПА'!#REF!,AH20<='Данные ТНПА'!#REF!),'Данные ТНПА'!#REF!, IF(AND(AH20>'Данные ТНПА'!#REF!,AH20<='Данные ТНПА'!#REF!),'Данные ТНПА'!#REF!, IF(AND(AH20>'Данные ТНПА'!#REF!,AH20<='Данные ТНПА'!#REF!),'Данные ТНПА'!#REF!, IF(AND(AH20>'Данные ТНПА'!#REF!,AH20<='Данные ТНПА'!#REF!),'Данные ТНПА'!#REF!, IF(AND(AH20>'Данные ТНПА'!#REF!,AH20<='Данные ТНПА'!#REF!),'Данные ТНПА'!#REF!, IF(AND(AH20>'Данные ТНПА'!#REF!,AH20<='Данные ТНПА'!#REF!),'Данные ТНПА'!#REF!, "ошибка_2")))))))) -> 0 | BB20: =IF(OR($AI$9=0,AND(D20>1,F20>10)),0, IF(D20=1, (IF(AND(AH20>'Данные ТНПА'!#REF!,AH20<='Данные ТНПА'!#REF!),'Данные ТНПА'!#REF!, IF(AND(AH20>'Данные ТНПА'!#REF!,AH20<='Данные ТНПА'!#REF!),'Данные ТНПА'!#REF!, IF(AND(AH20>'Данные ТНПА'!#REF!,AH20<='Данные ТНПА'!#REF!),'Данные ТНПА'!#REF!, IF(AND(AH20>'Данные ТНПА'!#REF!,AH20<='Данные ТНПА'!#REF!),'Данные ТНПА'!#REF!, IF(AND(AH20>'Данные ТНПА'!#REF!,AH20<='Данные ТНПА'!#REF!),'Данные ТНПА'!#REF!, IF(AND(AH20>'Данные ТНПА'!#REF!,AH20<='Данные ТНПА'!#REF!),'Данные ТНПА'!#REF!, "ошибка_1"))))))), IF(AND(AH20>'Данные ТНПА'!#REF!,AH20<='Данные ТНПА'!#REF!),'Данные ТНПА'!#REF!, IF(AND(AH20>'Данные ТНПА'!#REF!,AH20<='Данные ТНПА'!#REF!),'Данные ТНПА'!#REF!, IF(AND(AH20>'Данные ТНПА'!#REF!,AH20<='Данные ТНПА'!#REF!),'Данные ТНПА'!#REF!, IF(AND(AH20>'Данные ТНПА'!#REF!,AH20<='Данные ТНПА'!#REF!),'Данные ТНПА'!#REF!, IF(AND(AH20>'Данные ТНПА'!#REF!,AH20<='Данные ТНПА'!#REF!),'Данные ТНПА'!#REF!, IF(AND(AH20>'Данные ТНПА'!#REF!,AH20<='Данные ТНПА'!#REF!),'Данные ТНПА'!#REF!, "ошибка_2")))))))) -> 0 | BC20: =AZ20+2*BB20 -> 7.85 | BD20: =IF(BC20="","", IF(BC20=0,0,$BD$9)) -> 0 | BE20: =IF(BC20="","", IF(BC20=0,0,$BE$9)) -> 0 | BF20: =IF(BC20="","", IF($BD$9=0,0, IF(BC20<=13,20, IF(AND(BC20>13,BC20<=18),30, IF(AND(BC20>18,BC20<=23),40, IF(AND(BC20>23,BC20<=30),50, 60)))))) -> 0 | BG20: =IF(BC20="","",$BG$9) -> 0 | BH20: =IF(BC20="","",BC20+2*BD20*BE20*IF(BG20<=25,1,IF(BG20>33,2,1.5))) -> 7.85 | BI20: =IF(BC20="","",$BI$9) -> 0 | BJ20: =IF(BC20="","",$BJ$9) -> 0 | BK20: =IF(BJ20="","",IF(BJ20<>0,"×",0)) -> 0 | BL20: =IF(BK20="","", IF(BJ20<>0, IF(AND(BC20>7,BC20<=10),15, IF(AND(BC20>10,BC20<=13),20, IF(AND(BC20>13,BC20<=21),30, IF(AND(BC20>21,BC20<=31),40, IF(AND(BC20>31,BC20<=70),50, IF(AND(BC20>70,BC20<=80),60, "ошибка")))))),0)) -> 0 | BM20: =IF(BL20="","",$BM$9) -> 0 | BN20: =IF(BH20="","",BH20+2*BI20*BJ20) -> 7.85 | BO20: =IF(BN20="","",$BO$9) -> 0 | BP20: =IF(BO20="","",IF(BO20>0,$BP$9,0)) -> 0 | BQ20: =IF(BP20="","",IF(BP20>0,"×","")) | BR20: =IF(BN20="","",IF(BO20=0,0,IF(BN20<=19,30,IF(AND(BN20>19,BN20<=23),40,50)))) -> 0 | BS20: =IF(BO20="","",IF(BO20=0,0,$BS$9)) -> 0 | BT20: =IF(BN20="","",BN20+2*BO20*BP20*IF(BS20<=25,1,IF(BS20>33,2,1.5))) -> 7.85 | BU20: =0.85*BV20-0.1 -> 1.175 | BV20: =IF(BT20="","", IF(AND(BT20>'Данные ТНПА'!$K$8,BT20<='Данные ТНПА'!$L$8),'Данные ТНПА'!$N$8, IF(AND(BT20>'Данные ТНПА'!$K$9,BT20<='Данные ТНПА'!$L$9),'Данные ТНПА'!$N$9, IF(AND(BT20>'Данные ТНПА'!$K$10,BT20<='Данные ТНПА'!$L$10),'Данные ТНПА'!$N$10, IF(AND(BT20>'Данные ТНПА'!$K$11,BT20<='Данные ТНПА'!$L$11),'Данные ТНПА'!$N$11, IF(AND(BT20>'Данные ТНПА'!$K$12,BT20<='Данные ТНПА'!$L$12),'Данные ТНПА'!$N$12, IF(AND(BT20>'Данные ТНПА'!$K$13,BT20<='Данные ТНПА'!$L$13),'Данные ТНПА'!$N$13, IF(AND(BT20>'Данные ТНПА'!$K$14,BT20<='Данные ТНПА'!$L$14),'Данные ТНПА'!$N$14)))))))) -> 1.5 | BW20: =BT20+2*BV20 -> 10.85 | BX20: =IF(C20="а",F20*$BX$9*D20*IF(D20>1,1.007,1),0) -> 0 | BY20: =IF(C20="а",0,F20*$BY$9*D20*IF(D20>1,1.007,1)) -> 222.25 | BZ20: =IF(G20="мс",PI()*(P20/PI()+R20)*R20*$BZ$9*1.13*D20*1.007, PI()*(IF(I20=1,K20,L20)+R20)*R20*$BZ$9*D20*IF(D20>1,1.007,1)*IF(I20=1,1,(IF(F20>=4,1.1,1.07)))) -> 31.257276 | CA20: =PI()*POWER(Y20,2)/4*$CA$9 -> #REF! | CB20: =IF(AA20="","", IF(AA20=2,SQRT((Z20*PI()/50)^2+1)*$CB$9*AA20,0)) -> 0 | CC20: =PI()*(Z20+AC20*AD20)*AC20*AD20*$CC$9*ROUND(100/(100-AG20),2) -> 0 | CD20: =PI()*(AH20+AI20*AJ20)*AI20*AJ20*$CD$9*ROUND(100/(100-AM20),2) -> 0 | CE20: =PI()*(AN20+AO20*AP20)*AO20*AP20*$CE$9*ROUND(100/(100-AS20),2) -> 0 | CF20: =PI()*(AT20+AU20*AV20)*AU20*AV20*$CF$9*ROUND(100/(100-AY20),2) -> 0 | CG20: =IF(CB20="","", IF(BB20=0,0, IF(AND(G20="мс",AC20=0),(PI()*BC20^2/4-D20*(O20+PI()*(P20/PI()+R20)*R20)-((POWER((N20+R20),2)*(D20*TAN(PI()*((D20-2)/(2*D20)))-(PI()*(D20-2)/2)))))*$CG$9, IF(AND(D20>1,OR(G20="ок",G20="мк")),(PI()*BC20^2/4-PI()*V20^2*(D20+2)/8-D20*(SIN(PI()*(D20-2)/D20))/2*(AB20/2-V20/2)^2)*$CG$9, PI()*(AB20+BB20)*BB20*1.07*$CG$9)))) -> 0 | CH20: =IF(BE20="","", IF(BD20=0,0, PI()*(BC20+BD20*BE20)*BD20*BE20*$CH$9*ROUND(100/(100-BG20),2))) -> 0 | CI20: =IF(BH20="","", PI()*(BH20+BI20*BJ20)*BI20*BJ20*$CI$9*ROUND(100/(100+BM20),2)) -> 0 | CJ20: =IF(BO20="","",PI()*(BN20+BO20*BP20)*BO20*BP20*$CJ$9*ROUND(100/(100-BS20),2)) -> 0 | CK20: =PI()*(BT20+BV20)*BV20*IF($BI$9>0,1.1,1.04)*$CK$9 -> 64.152579 | CL20: =BX20+BY20+BZ20+CK20 -> 317.65985
A21: =IF(D21="",CONCATENATE("Кабель ",IF(C21="а","А",""),$A$9),CONCATENATE("Кабель ",IF(C21="а","А",""),$A$9," ",D21,"*",F21,IF(G21="ок"," (ож)","")," - ",B21," ",IF(G21="мс"," фас. ",""),$A$2)) -> Кабель ВВГ 1*35 (ож) - 0,66 ГОСТ 16442-80 | B21: 0.66 | D21: 1 | E21: × | F21: 35 | G21: ок | H21: 6.68 | I21: 1 | J21: × | K21: =ROUNDUP(SQRT(F21/PI()*4),2) -> 6.68 | L21: 8.15 | Q21: =0.9*R21-0.1 -> 0.89 | R21: =IF(B21=0.66,VLOOKUP(F21,'Данные ТНПА'!$B$8:$C$16,2,0), IF(B21=1,VLOOKUP(F21,'Данные ТНПА'!$B$17:$C$37,2,0),"ошибка")) -> 1.1 | S21: =IF(I21=1,K21+2*Q21,L21+2*Q21) -> 8.46 | V21: =IF(I21=1,K21+2*R21,L21+2*R21) -> 8.88 | Y21: =IF(V21="","",ROUND(V21*IF(AND(D21=4,F21>16),0.414,IF(D21=5,0.702,0)),1)) -> 0 | Z21: =IF(R21="","", IF(G21="мс",2*(V21+(N21+R21)*(1/COS(PI()*(D21-2)/(2*D21))-1)), IF(D21=1,V21*1,IF(D21=2,V21*2,IF(D21=3,V21*2.15,IF(D21=4,V21*2.41,IF(D21=5,V21*2.7,"ошибка"))))))) -> 8.88 | AA21: =IF(G21="","",IF(G21="мс",$AA$9,0)) -> 0 | AB21: =IF(Z21="","",Z21) -> 8.88 | AC21: =IF(G21="","",IF(G21="мс",$AC$9,0)) -> 0 | AD21: =IF(AC21="","",IF(AC21>0,IF(AND(Z21>=10,Z21<=20),0.035,IF(Z21>20,0.05,"ошибка")),0)) -> 0 | AE21: =IF(Z21="","",IF(AND(G21="мс",AC21>0),"×","")) | AF21: =IF(AC21="","",IF(AC21>0,IF(AND(Z21>=10,Z21<=20),50,IF(Z21>20,60,"ошибка")),0)) -> 0 | AG21: =IF(AC21="","",IF(AC21>0,IF(AND(Z21>=10,Z21<=13),40,IF(AND(Z21>=13,Z21<=16),30,IF(Z21>16,25,"ошибка"))),0)) -> 0 | AH21: =IF(Z21="","",IF(AND(G21="мс",AC21>0),Z21+2*AC21*AD21*IF(AG21<=25,1,IF(AG21>33,2,1.5)),Z21)) -> 8.88 | AI21: =IF(OR($AI$9=0,AH21<=10,D21=1,AND(D21>1,F21<=10,OR(G21="ок",G21="мк"))),0,1) -> 0 | AJ21: =IF(AI21=0,0,$AJ$9) -> 0 | AK21: =IF(AI21="","",IF(AI21=0,0,"×")) -> 0 | AL21: =IF(AI21=0,0,$AL$9) -> 0 | AM21: =IF(AI21=0,0, IF(AND(AH21>10,AH21<=13),55, IF(AND(AH21>13,AH21<=15),45, IF(AND(AH21>15,AH21<=18),35, IF(AND(AH21>18,AH21<=20),30, IF(AH21>20,15, 0)))))) -> 0 | AN21: =AH21+2*AI21*AJ21*(IF(AM21<25,1,IF(AM21>33,2,1.5))) -> 8.88 | AO21: =IF(OR(AI21=0,AN21<=10,AN21>23,AND(D21>1,F21<=10,OR(G21="ок",G21="мк"))),0,1) -> 0 | AP21: =IF(OR(AO21=0,AN21>23),0,$AP$9) -> 0 | AQ21: =IF(OR(AN21>23,AO21=0),0,"×") -> 0 | AR21: =IF(OR(AN21>23,AO21=0),0,$AR$9) -> 0 | AS21: =IF(AO21=0,0, IF(AND(AH21>10,AH21<=13),55, IF(AND(AH21>13,AH21<=15),45, IF(AND(AH21>15,AH21<=18),35, IF(AND(AH21>18,AH21<=20),30, IF(AND(AH21>20,AH21<=23),15, 0)))))) -> 0 | AT21: =AN21+2*AO21*AP21*(IF(AS21<25,1,IF(AS21>33,2,1.5))) -> 8.88 | AU21: =IF(OR(AI21=0,D21=1,AN21<=23),0,1) -> 0 | AV21: =IF(OR(AU21=0,AN21<=23),0,$AV$9) -> 0 | AW21: =IF(OR(AN21<=23,AU21=0),0,"×") -> 0 | AX21: =IF(OR(AN21<=23,AU21=0),0,$AX$9) -> 0 | AY21: =IF(AU21=0,0,15) -> 0 | AZ21: =AT21+2*AU21*AV21*(IF(AY21<25,1,IF(AY21>33,2,1.5))) -> 8.88 | BA21: =IF(BB21=0,0, IF(D21=1, (IF(AND(AH21>'Данные ТНПА'!#REF!,AH21<='Данные ТНПА'!#REF!),'Данные ТНПА'!#REF!, IF(AND(AH21>'Данные ТНПА'!#REF!,AH21<='Данные ТНПА'!#REF!),'Данные ТНПА'!#REF!, IF(AND(AH21>'Данные ТНПА'!#REF!,AH21<='Данные ТНПА'!#REF!),'Данные ТНПА'!#REF!, IF(AND(AH21>'Данные ТНПА'!#REF!,AH21<='Данные ТНПА'!#REF!),'Данные ТНПА'!#REF!, IF(AND(AH21>'Данные ТНПА'!#REF!,AH21<='Данные ТНПА'!#REF!),'Данные ТНПА'!#REF!, IF(AND(AH21>'Данные ТНПА'!#REF!,AH21<='Данные ТНПА'!#REF!),'Данные ТНПА'!#REF!, "ошибка_1"))))))), IF(AND(AH21>'Данные ТНПА'!#REF!,AH21<='Данные ТНПА'!#REF!),'Данные ТНПА'!#REF!, IF(AND(AH21>'Данные ТНПА'!#REF!,AH21<='Данные ТНПА'!#REF!),'Данные ТНПА'!#REF!, IF(AND(AH21>'Данные ТНПА'!#REF!,AH21<='Данные ТНПА'!#REF!),'Данные ТНПА'!#REF!, IF(AND(AH21>'Данные ТНПА'!#REF!,AH21<='Данные ТНПА'!#REF!),'Данные ТНПА'!#REF!, IF(AND(AH21>'Данные ТНПА'!#REF!,AH21<='Данные ТНПА'!#REF!),'Данные ТНПА'!#REF!, IF(AND(AH21>'Данные ТНПА'!#REF!,AH21<='Данные ТНПА'!#REF!),'Данные ТНПА'!#REF!, "ошибка_2")))))))) -> 0 | BB21: =IF(OR($AI$9=0,AND(D21>1,F21>10)),0, IF(D21=1, (IF(AND(AH21>'Данные ТНПА'!#REF!,AH21<='Данные ТНПА'!#REF!),'Данные ТНПА'!#REF!, IF(AND(AH21>'Данные ТНПА'!#REF!,AH21<='Данные ТНПА'!#REF!),'Данные ТНПА'!#REF!, IF(AND(AH21>'Данные ТНПА'!#REF!,AH21<='Данные ТНПА'!#REF!),'Данные ТНПА'!#REF!, IF(AND(AH21>'Данные ТНПА'!#REF!,AH21<='Данные ТНПА'!#REF!),'Данные ТНПА'!#REF!, IF(AND(AH21>'Данные ТНПА'!#REF!,AH21<='Данные ТНПА'!#REF!),'Данные ТНПА'!#REF!, IF(AND(AH21>'Данные ТНПА'!#REF!,AH21<='Данные ТНПА'!#REF!),'Данные ТНПА'!#REF!, "ошибка_1"))))))), IF(AND(AH21>'Данные ТНПА'!#REF!,AH21<='Данные ТНПА'!#REF!),'Данные ТНПА'!#REF!, IF(AND(AH21>'Данные ТНПА'!#REF!,AH21<='Данные ТНПА'!#REF!),'Данные ТНПА'!#REF!, IF(AND(AH21>'Данные ТНПА'!#REF!,AH21<='Данные ТНПА'!#REF!),'Данные ТНПА'!#REF!, IF(AND(AH21>'Данные ТНПА'!#REF!,AH21<='Данные ТНПА'!#REF!),'Данные ТНПА'!#REF!, IF(AND(AH21>'Данные ТНПА'!#REF!,AH21<='Данные ТНПА'!#REF!),'Данные ТНПА'!#REF!, IF(AND(AH21>'Данные ТНПА'!#REF!,AH21<='Данные ТНПА'!#REF!),'Данные ТНПА'!#REF!, "ошибка_2")))))))) -> 0 | BC21: =AZ21+2*BB21 -> 8.88 | BD21: =IF(BC21="","", IF(BC21=0,0,$BD$9)) -> 0 | BE21: =IF(BC21="","", IF(BC21=0,0,$BE$9)) -> 0 | BF21: =IF(BC21="","", IF($BD$9=0,0, IF(BC21<=13,20, IF(AND(BC21>13,BC21<=18),30, IF(AND(BC21>18,BC21<=23),40, IF(AND(BC21>23,BC21<=30),50, 60)))))) -> 0 | BG21: =IF(BC21="","",$BG$9) -> 0 | BH21: =IF(BC21="","",BC21+2*BD21*BE21*IF(BG21<=25,1,IF(BG21>33,2,1.5))) -> 8.88 | BI21: =IF(BC21="","",$BI$9) -> 0 | BJ21: =IF(BC21="","",$BJ$9) -> 0 | BK21: =IF(BJ21="","",IF(BJ21<>0,"×",0)) -> 0 | BL21: =IF(BK21="","", IF(BJ21<>0, IF(AND(BC21>7,BC21<=10),15, IF(AND(BC21>10,BC21<=13),20, IF(AND(BC21>13,BC21<=21),30, IF(AND(BC21>21,BC21<=31),40, IF(AND(BC21>31,BC21<=70),50, IF(AND(BC21>70,BC21<=80),60, "ошибка")))))),0)) -> 0 | BM21: =IF(BL21="","",$BM$9) -> 0 | BN21: =IF(BH21="","",BH21+2*BI21*BJ21) -> 8.88 | BO21: =IF(BN21="","",$BO$9) -> 0 | BP21: =IF(BO21="","",IF(BO21>0,$BP$9,0)) -> 0 | BQ21: =IF(BP21="","",IF(BP21>0,"×","")) | BR21: =IF(BN21="","",IF(BO21=0,0,IF(BN21<=19,30,IF(AND(BN21>19,BN21<=23),40,50)))) -> 0 | BS21: =IF(BO21="","",IF(BO21=0,0,$BS$9)) -> 0 | BT21: =IF(BN21="","",BN21+2*BO21*BP21*IF(BS21<=25,1,IF(BS21>33,2,1.5))) -> 8.88 | BU21: =0.85*BV21-0.1 -> 1.175 | BV21: =IF(BT21="","", IF(AND(BT21>'Данные ТНПА'!$K$8,BT21<='Данные ТНПА'!$L$8),'Данные ТНПА'!$N$8, IF(AND(BT21>'Данные ТНПА'!$K$9,BT21<='Данные ТНПА'!$L$9),'Данные ТНПА'!$N$9, IF(AND(BT21>'Данные ТНПА'!$K$10,BT21<='Данные ТНПА'!$L$10),'Данные ТНПА'!$N$10, IF(AND(BT21>'Данные ТНПА'!$K$11,BT21<='Данные ТНПА'!$L$11),'Данные ТНПА'!$N$11, IF(AND(BT21>'Данные ТНПА'!$K$12,BT21<='Данные ТНПА'!$L$12),'Данные ТНПА'!$N$12, IF(AND(BT21>'Данные ТНПА'!$K$13,BT21<='Данные ТНПА'!$L$13),'Данные ТНПА'!$N$13, IF(AND(BT21>'Данные ТНПА'!$K$14,BT21<='Данные ТНПА'!$L$14),'Данные ТНПА'!$N$14)))))))) -> 1.5 | BW21: =BT21+2*BV21 -> 11.88 | BX21: =IF(C21="а",F21*$BX$9*D21*IF(D21>1,1.007,1),0) -> 0 | BY21: =IF(C21="а",0,F21*$BY$9*D21*IF(D21>1,1.007,1)) -> 311.15 | BZ21: =IF(G21="мс",PI()*(P21/PI()+R21)*R21*$BZ$9*1.13*D21*1.007, PI()*(IF(I21=1,K21,L21)+R21)*R21*$BZ$9*D21*IF(D21>1,1.007,1)*IF(I21=1,1,(IF(F21>=4,1.1,1.07)))) -> 36.026905 | CA21: =PI()*POWER(Y21,2)/4*$CA$9 -> #REF! | CB21: =IF(AA21="","", IF(AA21=2,SQRT((Z21*PI()/50)^2+1)*$CB$9*AA21,0)) -> 0 | CC21: =PI()*(Z21+AC21*AD21)*AC21*AD21*$CC$9*ROUND(100/(100-AG21),2) -> 0 | CD21: =PI()*(AH21+AI21*AJ21)*AI21*AJ21*$CD$9*ROUND(100/(100-AM21),2) -> 0 | CE21: =PI()*(AN21+AO21*AP21)*AO21*AP21*$CE$9*ROUND(100/(100-AS21),2) -> 0 | CF21: =PI()*(AT21+AU21*AV21)*AU21*AV21*$CF$9*ROUND(100/(100-AY21),2) -> 0 | CG21: =IF(CB21="","", IF(BB21=0,0, IF(AND(G21="мс",AC21=0),(PI()*BC21^2/4-D21*(O21+PI()*(P21/PI()+R21)*R21)-((POWER((N21+R21),2)*(D21*TAN(PI()*((D21-2)/(2*D21)))-(PI()*(D21-2)/2)))))*$CG$9, IF(AND(D21>1,OR(G21="ок",G21="мк")),(PI()*BC21^2/4-PI()*V21^2*(D21+2)/8-D21*(SIN(PI()*(D21-2)/D21))/2*(AB21/2-V21/2)^2)*$CG$9, PI()*(AB21+BB21)*BB21*1.07*$CG$9)))) -> 0 | CH21: =IF(BE21="","", IF(BD21=0,0, PI()*(BC21+BD21*BE21)*BD21*BE21*$CH$9*ROUND(100/(100-BG21),2))) -> 0 | CI21: =IF(BH21="","", PI()*(BH21+BI21*BJ21)*BI21*BJ21*$CI$9*ROUND(100/(100+BM21),2)) -> 0 | CJ21: =IF(BO21="","",PI()*(BN21+BO21*BP21)*BO21*BP21*$CJ$9*ROUND(100/(100-BS21),2)) -> 0 | CK21: =PI()*(BT21+BV21)*BV21*IF($BI$9>0,1.1,1.04)*$CK$9 -> 71.219654 | CL21: =BX21+BY21+BZ21+CK21 -> 418.39656
A22: =IF(D22="",CONCATENATE("Кабель ",IF(C22="а","А",""),$A$9),CONCATENATE("Кабель ",IF(C22="а","А",""),$A$9," ",D22,"*",F22,IF(G22="ок"," (ож)","")," - ",B22," ",IF(G22="мс"," фас. ",""),$A$2)) -> Кабель ВВГ 2*16 - 0,66 ГОСТ 16442-80 | B22: 0.66 | D22: 2 | E22: × | F22: 16 | G22: мк | H22: 1.77 | I22: 7 | J22: × | K22: =ROUNDUP(SQRT(F22/I22/PI()*4*1.07),2) -> 1.77 | L22: 1.39 | Q22: =0.9*R22-0.1 -> 0.71 | R22: =IF(B22=0.66,VLOOKUP(F22,'Данные ТНПА'!$B$8:$C$16,2,0), IF(B22=1,VLOOKUP(F22,'Данные ТНПА'!$B$17:$C$37,2,0),"ошибка")) -> 0.9 | S22: =IF(I22=1,K22+2*Q22,L22+2*Q22) -> 2.81 | V22: =IF(I22=1,K22+2*R22,L22+2*R22) -> 3.19 | Y22: =IF(V22="","",ROUND(V22*IF(AND(D22=4,F22>16),0.414,IF(D22=5,0.702,0)),1)) -> 0 | Z22: =IF(R22="","", IF(G22="мс",2*(V22+(N22+R22)*(1/COS(PI()*(D22-2)/(2*D22))-1)), IF(D22=1,V22*1,IF(D22=2,V22*2,IF(D22=3,V22*2.15,IF(D22=4,V22*2.41,IF(D22=5,V22*2.7,"ошибка"))))))) -> 6.38 | AA22: =IF(G22="","",IF(G22="мс",$AA$9,0)) -> 0 | AB22: =IF(Z22="","",Z22) -> 6.38 | AC22: =IF(G22="","",IF(G22="мс",$AC$9,0)) -> 0 | AD22: =IF(AC22="","",IF(AC22>0,IF(AND(Z22>=10,Z22<=20),0.035,IF(Z22>20,0.05,"ошибка")),0)) -> 0 | AE22: =IF(Z22="","",IF(AND(G22="мс",AC22>0),"×","")) | AF22: =IF(AC22="","",IF(AC22>0,IF(AND(Z22>=10,Z22<=20),50,IF(Z22>20,60,"ошибка")),0)) -> 0 | AG22: =IF(AC22="","",IF(AC22>0,IF(AND(Z22>=10,Z22<=13),40,IF(AND(Z22>=13,Z22<=16),30,IF(Z22>16,25,"ошибка"))),0)) -> 0 | AH22: =IF(Z22="","",IF(AND(G22="мс",AC22>0),Z22+2*AC22*AD22*IF(AG22<=25,1,IF(AG22>33,2,1.5)),Z22)) -> 6.38 | AI22: =IF(OR($AI$9=0,AH22<=10,D22=1,AND(D22>1,F22<=10,OR(G22="ок",G22="мк"))),0,1) -> 0 | AJ22: =IF(AI22=0,0,$AJ$9) -> 0 | AK22: =IF(AI22="","",IF(AI22=0,0,"×")) -> 0 | AL22: =IF(AI22=0,0,$AL$9) -> 0 | AM22: =IF(AI22=0,0, IF(AND(AH22>10,AH22<=13),55, IF(AND(AH22>13,AH22<=15),45, IF(AND(AH22>15,AH22<=18),35, IF(AND(AH22>18,AH22<=20),30, IF(AH22>20,15, 0)))))) -> 0 | AN22: =AH22+2*AI22*AJ22*(IF(AM22<25,1,IF(AM22>33,2,1.5))) -> 6.38 | AO22: =IF(OR(AI22=0,AN22<=10,AN22>23,AND(D22>1,F22<=10,OR(G22="ок",G22="мк"))),0,1) -> 0 | AP22: =IF(OR(AO22=0,AN22>23),0,$AP$9) -> 0 | AQ22: =IF(OR(AN22>23,AO22=0),0,"×") -> 0 | AR22: =IF(OR(AN22>23,AO22=0),0,$AR$9) -> 0 | AS22: =IF(AO22=0,0, IF(AND(AH22>10,AH22<=13),55, IF(AND(AH22>13,AH22<=15),45, IF(AND(AH22>15,AH22<=18),35, IF(AND(AH22>18,AH22<=20),30, IF(AND(AH22>20,AH22<=23),15, 0)))))) -> 0 | AT22: =AN22+2*AO22*AP22*(IF(AS22<25,1,IF(AS22>33,2,1.5))) -> 6.38 | AU22: =IF(OR(AI22=0,D22=1,AN22<=23),0,1) -> 0 | AV22: =IF(OR(AU22=0,AN22<=23),0,$AV$9) -> 0 | AW22: =IF(OR(AN22<=23,AU22=0),0,"×") -> 0 | AX22: =IF(OR(AN22<=23,AU22=0),0,$AX$9) -> 0 | AY22: =IF(AU22=0,0,15) -> 0 | AZ22: =AT22+2*AU22*AV22*(IF(AY22<25,1,IF(AY22>33,2,1.5))) -> 6.38 | BA22: =IF(BB22=0,0, IF(D22=1, (IF(AND(AH22>'Данные ТНПА'!#REF!,AH22<='Данные ТНПА'!#REF!),'Данные ТНПА'!#REF!, IF(AND(AH22>'Данные ТНПА'!#REF!,AH22<='Данные ТНПА'!#REF!),'Данные ТНПА'!#REF!, IF(AND(AH22>'Данные ТНПА'!#REF!,AH22<='Данные ТНПА'!#REF!),'Данные ТНПА'!#REF!, IF(AND(AH22>'Данные ТНПА'!#REF!,AH22<='Данные ТНПА'!#REF!),'Данные ТНПА'!#REF!, IF(AND(AH22>'Данные ТНПА'!#REF!,AH22<='Данные ТНПА'!#REF!),'Данные ТНПА'!#REF!, IF(AND(AH22>'Данные ТНПА'!#REF!,AH22<='Данные ТНПА'!#REF!),'Данные ТНПА'!#REF!, "ошибка_1"))))))), IF(AND(AH22>'Данные ТНПА'!#REF!,AH22<='Данные ТНПА'!#REF!),'Данные ТНПА'!#REF!, IF(AND(AH22>'Данные ТНПА'!#REF!,AH22<='Данные ТНПА'!#REF!),'Данные ТНПА'!#REF!, IF(AND(AH22>'Данные ТНПА'!#REF!,AH22<='Данные ТНПА'!#REF!),'Данные ТНПА'!#REF!, IF(AND(AH22>'Данные ТНПА'!#REF!,AH22<='Данные ТНПА'!#REF!),'Данные ТНПА'!#REF!, IF(AND(AH22>'Данные ТНПА'!#REF!,AH22<='Данные ТНПА'!#REF!),'Данные ТНПА'!#REF!, IF(AND(AH22>'Данные ТНПА'!#REF!,AH22<='Данные ТНПА'!#REF!),'Данные ТНПА'!#REF!, "ошибка_2")))))))) -> 0 | BB22: =IF(OR($AI$9=0,AND(D22>1,F22>10)),0, IF(D22=1, (IF(AND(AH22>'Данные ТНПА'!#REF!,AH22<='Данные ТНПА'!#REF!),'Данные ТНПА'!#REF!, IF(AND(AH22>'Данные ТНПА'!#REF!,AH22<='Данные ТНПА'!#REF!),'Данные ТНПА'!#REF!, IF(AND(AH22>'Данные ТНПА'!#REF!,AH22<='Данные ТНПА'!#REF!),'Данные ТНПА'!#REF!, IF(AND(AH22>'Данные ТНПА'!#REF!,AH22<='Данные ТНПА'!#REF!),'Данные ТНПА'!#REF!, IF(AND(AH22>'Данные ТНПА'!#REF!,AH22<='Данные ТНПА'!#REF!),'Данные ТНПА'!#REF!, IF(AND(AH22>'Данные ТНПА'!#REF!,AH22<='Данные ТНПА'!#REF!),'Данные ТНПА'!#REF!, "ошибка_1"))))))), IF(AND(AH22>'Данные ТНПА'!#REF!,AH22<='Данные ТНПА'!#REF!),'Данные ТНПА'!#REF!, IF(AND(AH22>'Данные ТНПА'!#REF!,AH22<='Данные ТНПА'!#REF!),'Данные ТНПА'!#REF!, IF(AND(AH22>'Данные ТНПА'!#REF!,AH22<='Данные ТНПА'!#REF!),'Данные ТНПА'!#REF!, IF(AND(AH22>'Данные ТНПА'!#REF!,AH22<='Данные ТНПА'!#REF!),'Данные ТНПА'!#REF!, IF(AND(AH22>'Данные ТНПА'!#REF!,AH22<='Данные ТНПА'!#REF!),'Данные ТНПА'!#REF!, IF(AND(AH22>'Данные ТНПА'!#REF!,AH22<='Данные ТНПА'!#REF!),'Данные ТНПА'!#REF!, "ошибка_2")))))))) -> 0 | BC22: =AZ22+2*BB22 -> 6.38 | BD22: =IF(BC22="","", IF(BC22=0,0,$BD$9)) -> 0 | BE22: =IF(BC22="","", IF(BC22=0,0,$BE$9)) -> 0 | BF22: =IF(BC22="","", IF($BD$9=0,0, IF(BC22<=13,20, IF(AND(BC22>13,BC22<=18),30, IF(AND(BC22>18,BC22<=23),40, IF(AND(BC22>23,BC22<=30),50, 60)))))) -> 0 | BG22: =IF(BC22="","",$BG$9) -> 0 | BH22: =IF(BC22="","",BC22+2*BD22*BE22*IF(BG22<=25,1,IF(BG22>33,2,1.5))) -> 6.38 | BI22: =IF(BC22="","",$BI$9) -> 0 | BJ22: =IF(BC22="","",$BJ$9) -> 0 | BK22: =IF(BJ22="","",IF(BJ22<>0,"×",0)) -> 0 | BL22: =IF(BK22="","", IF(BJ22<>0, IF(AND(BC22>7,BC22<=10),15, IF(AND(BC22>10,BC22<=13),20, IF(AND(BC22>13,BC22<=21),30, IF(AND(BC22>21,BC22<=31),40, IF(AND(BC22>31,BC22<=70),50, IF(AND(BC22>70,BC22<=80),60, "ошибка")))))),0)) -> 0 | BM22: =IF(BL22="","",$BM$9) -> 0 | BN22: =IF(BH22="","",BH22+2*BI22*BJ22) -> 6.38 | BO22: =IF(BN22="","",$BO$9) -> 0 | BP22: =IF(BO22="","",IF(BO22>0,$BP$9,0)) -> 0 | BQ22: =IF(BP22="","",IF(BP22>0,"×","")) | BR22: =IF(BN22="","",IF(BO22=0,0,IF(BN22<=19,30,IF(AND(BN22>19,BN22<=23),40,50)))) -> 0 | BS22: =IF(BO22="","",IF(BO22=0,0,$BS$9)) -> 0 | BT22: =IF(BN22="","",BN22+2*BO22*BP22*IF(BS22<=25,1,IF(BS22>33,2,1.5))) -> 6.38 | BU22: =0.85*BV22-0.1 -> 1.175 | BV22: =IF(BT22="","", IF(AND(BT22>'Данные ТНПА'!$K$8,BT22<='Данные ТНПА'!$L$8),'Данные ТНПА'!$N$8, IF(AND(BT22>'Данные ТНПА'!$K$9,BT22<='Данные ТНПА'!$L$9),'Данные ТНПА'!$N$9, IF(AND(BT22>'Данные ТНПА'!$K$10,BT22<='Данные ТНПА'!$L$10),'Данные ТНПА'!$N$10, IF(AND(BT22>'Данные ТНПА'!$K$11,BT22<='Данные ТНПА'!$L$11),'Данные ТНПА'!$N$11, IF(AND(BT22>'Данные ТНПА'!$K$12,BT22<='Данные ТНПА'!$L$12),'Данные ТНПА'!$N$12, IF(AND(BT22>'Данные ТНПА'!$K$13,BT22<='Данные ТНПА'!$L$13),'Данные ТНПА'!$N$13, IF(AND(BT22>'Данные ТНПА'!$K$14,BT22<='Данные ТНПА'!$L$14),'Данные ТНПА'!$N$14)))))))) -> 1.5 | BW22: =BT22+2*BV22 -> 9.38 | BX22: =IF(C22="а",F22*$BX$9*D22*IF(D22>1,1.007,1),0) -> 0 | BY22: =IF(C22="а",0,F22*$BY$9*D22*IF(D22>1,1.007,1)) -> 286.47136 | BZ22: =IF(G22="мс",PI()*(P22/PI()+R22)*R22*$BZ$9*1.13*D22*1.007, PI()*(IF(I22=1,K22,L22)+R22)*R22*$BZ$9*D22*IF(D22>1,1.007,1)*IF(I22=1,1,(IF(F22>=4,1.1,1.07)))) -> 19.221391 | CA22: =PI()*POWER(Y22,2)/4*$CA$9 -> #REF! | CB22: =IF(AA22="","", IF(AA22=2,SQRT((Z22*PI()/50)^2+1)*$CB$9*AA22,0)) -> 0 | CC22: =PI()*(Z22+AC22*AD22)*AC22*AD22*$CC$9*ROUND(100/(100-AG22),2) -> 0 | CD22: =PI()*(AH22+AI22*AJ22)*AI22*AJ22*$CD$9*ROUND(100/(100-AM22),2) -> 0 | CE22: =PI()*(AN22+AO22*AP22)*AO22*AP22*$CE$9*ROUND(100/(100-AS22),2) -> 0 | CF22: =PI()*(AT22+AU22*AV22)*AU22*AV22*$CF$9*ROUND(100/(100-AY22),2) -> 0 | CG22: =IF(CB22="","", IF(BB22=0,0, IF(AND(G22="мс",AC22=0),(PI()*BC22^2/4-D22*(O22+PI()*(P22/PI()+R22)*R22)-((POWER((N22+R22),2)*(D22*TAN(PI()*((D22-2)/(2*D22)))-(PI()*(D22-2)/2)))))*$CG$9, IF(AND(D22>1,OR(G22="ок",G22="мк")),(PI()*BC22^2/4-PI()*V22^2*(D22+2)/8-D22*(SIN(PI()*(D22-2)/D22))/2*(AB22/2-V22/2)^2)*$CG$9, PI()*(AB22+BB22)*BB22*1.07*$CG$9)))) -> 0 | CH22: =IF(BE22="","", IF(BD22=0,0, PI()*(BC22+BD22*BE22)*BD22*BE22*$CH$9*ROUND(100/(100-BG22),2))) -> 0 | CI22: =IF(BH22="","", PI()*(BH22+BI22*BJ22)*BI22*BJ22*$CI$9*ROUND(100/(100+BM22),2)) -> 0 | CJ22: =IF(BO22="","",PI()*(BN22+BO22*BP22)*BO22*BP22*$CJ$9*ROUND(100/(100-BS22),2)) -> 0 | CK22: =PI()*(BT22+BV22)*BV22*IF($BI$9>0,1.1,1.04)*$CK$9 -> 54.066558 | CL22: =BX22+BY22+BZ22+CK22 -> 359.75931
A23: =IF(D23="",CONCATENATE("Кабель ",IF(C23="а","А",""),$A$9),CONCATENATE("Кабель ",IF(C23="а","А",""),$A$9," ",D23,"*",F23,IF(G23="ок"," (ож)","")," - ",B23," ",IF(G23="мс"," фас. ",""),$A$2)) -> Кабель ВВГ 2*25 - 0,66 ГОСТ 16442-80 | B23: 0.66 | D23: 2 | E23: × | F23: 25 | G23: мк | H23: 2.21 | I23: 7 | J23: × | K23: =ROUNDUP(SQRT(F23/I23/PI()*4*1.07),2) -> 2.21 | L23: 1.79 | Q23: =0.9*R23-0.1 -> 0.89 | R23: =IF(B23=0.66,VLOOKUP(F23,'Данные ТНПА'!$B$8:$C$16,2,0), IF(B23=1,VLOOKUP(F23,'Данные ТНПА'!$B$17:$C$37,2,0),"ошибка")) -> 1.1 | S23: =IF(I23=1,K23+2*Q23,L23+2*Q23) -> 3.57 | V23: =IF(I23=1,K23+2*R23,L23+2*R23) -> 3.99 | Y23: =IF(V23="","",ROUND(V23*IF(AND(D23=4,F23>16),0.414,IF(D23=5,0.702,0)),1)) -> 0 | Z23: =IF(R23="","", IF(G23="мс",2*(V23+(N23+R23)*(1/COS(PI()*(D23-2)/(2*D23))-1)), IF(D23=1,V23*1,IF(D23=2,V23*2,IF(D23=3,V23*2.15,IF(D23=4,V23*2.41,IF(D23=5,V23*2.7,"ошибка"))))))) -> 7.98 | AA23: =IF(G23="","",IF(G23="мс",$AA$9,0)) -> 0 | AB23: =IF(Z23="","",Z23) -> 7.98 | AC23: =IF(G23="","",IF(G23="мс",$AC$9,0)) -> 0 | AD23: =IF(AC23="","",IF(AC23>0,IF(AND(Z23>=10,Z23<=20),0.035,IF(Z23>20,0.05,"ошибка")),0)) -> 0 | AE23: =IF(Z23="","",IF(AND(G23="мс",AC23>0),"×","")) | AF23: =IF(AC23="","",IF(AC23>0,IF(AND(Z23>=10,Z23<=20),50,IF(Z23>20,60,"ошибка")),0)) -> 0 | AG23: =IF(AC23="","",IF(AC23>0,IF(AND(Z23>=10,Z23<=13),40,IF(AND(Z23>=13,Z23<=16),30,IF(Z23>16,25,"ошибка"))),0)) -> 0 | AH23: =IF(Z23="","",IF(AND(G23="мс",AC23>0),Z23+2*AC23*AD23*IF(AG23<=25,1,IF(AG23>33,2,1.5)),Z23)) -> 7.98 | AI23: =AM26 -> 0 | AJ23: =IF(AI23=0,0,$AJ$9) -> 0 | AK23: =IF(AI23="","",IF(AI23=0,0,"×")) -> 0 | AL23: =IF(AI23=0,0,$AL$9) -> 0 | AM23: =IF(AI23=0,0, IF(AND(AH23>10,AH23<=13),55, IF(AND(AH23>13,AH23<=15),45, IF(AND(AH23>15,AH23<=18),35, IF(AND(AH23>18,AH23<=20),30, IF(AH23>20,15, 0)))))) -> 0 | AN23: =AH23+2*AI23*AJ23*(IF(AM23<25,1,IF(AM23>33,2,1.5))) -> 7.98 | AO23: =IF(OR(AI23=0,AN23<=10,AN23>23,AND(D23>1,F23<=10,OR(G23="ок",G23="мк"))),0,1) -> 0 | AP23: =IF(OR(AO23=0,AN23>23),0,$AP$9) -> 0 | AQ23: =IF(OR(AN23>23,AO23=0),0,"×") -> 0 | AR23: =IF(OR(AN23>23,AO23=0),0,$AR$9) -> 0 | AS23: =IF(AO23=0,0, IF(AND(AH23>10,AH23<=13),55, IF(AND(AH23>13,AH23<=15),45, IF(AND(AH23>15,AH23<=18),35, IF(AND(AH23>18,AH23<=20),30, IF(AND(AH23>20,AH23<=23),15, 0)))))) -> 0 | AT23: =AN23+2*AO23*AP23*(IF(AS23<25,1,IF(AS23>33,2,1.5))) -> 7.98 | AU23: =IF(OR(AI23=0,D23=1,AN23<=23),0,1) -> 0 | AV23: =IF(OR(AU23=0,AN23<=23),0,$AV$9) -> 0 | AW23: =IF(OR(AN23<=23,AU23=0),0,"×") -> 0 | AX23: =IF(OR(AN23<=23,AU23=0),0,$AX$9) -> 0 | AY23: =IF(AU23=0,0,15) -> 0 | AZ23: =AT23+2*AU23*AV23*(IF(AY23<25,1,IF(AY23>33,2,1.5))) -> 7.98 | BA23: =IF(BB23=0,0, IF(D23=1, (IF(AND(AH23>'Данные ТНПА'!#REF!,AH23<='Данные ТНПА'!#REF!),'Данные ТНПА'!#REF!, IF(AND(AH23>'Данные ТНПА'!#REF!,AH23<='Данные ТНПА'!#REF!),'Данные ТНПА'!#REF!, IF(AND(AH23>'Данные ТНПА'!#REF!,AH23<='Данные ТНПА'!#REF!),'Данные ТНПА'!#REF!, IF(AND(AH23>'Данные ТНПА'!#REF!,AH23<='Данные ТНПА'!#REF!),'Данные ТНПА'!#REF!, IF(AND(AH23>'Данные ТНПА'!#REF!,AH23<='Данные ТНПА'!#REF!),'Данные ТНПА'!#REF!, IF(AND(AH23>'Данные ТНПА'!#REF!,AH23<='Данные ТНПА'!#REF!),'Данные ТНПА'!#REF!, "ошибка_1"))))))), IF(AND(AH23>'Данные ТНПА'!#REF!,AH23<='Данные ТНПА'!#REF!),'Данные ТНПА'!#REF!, IF(AND(AH23>'Данные ТНПА'!#REF!,AH23<='Данные ТНПА'!#REF!),'Данные ТНПА'!#REF!, IF(AND(AH23>'Данные ТНПА'!#REF!,AH23<='Данные ТНПА'!#REF!),'Данные ТНПА'!#REF!, IF(AND(AH23>'Данные ТНПА'!#REF!,AH23<='Данные ТНПА'!#REF!),'Данные ТНПА'!#REF!, IF(AND(AH23>'Данные ТНПА'!#REF!,AH23<='Данные ТНПА'!#REF!),'Данные ТНПА'!#REF!, IF(AND(AH23>'Данные ТНПА'!#REF!,AH23<='Данные ТНПА'!#REF!),'Данные ТНПА'!#REF!, "ошибка_2")))))))) -> 0 | BB23: =IF(OR($AI$9=0,AND(D23>1,F23>10)),0, IF(D23=1, (IF(AND(AH23>'Данные ТНПА'!#REF!,AH23<='Данные ТНПА'!#REF!),'Данные ТНПА'!#REF!, IF(AND(AH23>'Данные ТНПА'!#REF!,AH23<='Данные ТНПА'!#REF!),'Данные ТНПА'!#REF!, IF(AND(AH23>'Данные ТНПА'!#REF!,AH23<='Данные ТНПА'!#REF!),'Данные ТНПА'!#REF!, IF(AND(AH23>'Данные ТНПА'!#REF!,AH23<='Данные ТНПА'!#REF!),'Данные ТНПА'!#REF!, IF(AND(AH23>'Данные ТНПА'!#REF!,AH23<='Данные ТНПА'!#REF!),'Данные ТНПА'!#REF!, IF(AND(AH23>'Данные ТНПА'!#REF!,AH23<='Данные ТНПА'!#REF!),'Данные ТНПА'!#REF!, "ошибка_1"))))))), IF(AND(AH23>'Данные ТНПА'!#REF!,AH23<='Данные ТНПА'!#REF!),'Данные ТНПА'!#REF!, IF(AND(AH23>'Данные ТНПА'!#REF!,AH23<='Данные ТНПА'!#REF!),'Данные ТНПА'!#REF!, IF(AND(AH23>'Данные ТНПА'!#REF!,AH23<='Данные ТНПА'!#REF!),'Данные ТНПА'!#REF!, IF(AND(AH23>'Данные ТНПА'!#REF!,AH23<='Данные ТНПА'!#REF!),'Данные ТНПА'!#REF!, IF(AND(AH23>'Данные ТНПА'!#REF!,AH23<='Данные ТНПА'!#REF!),'Данные ТНПА'!#REF!, IF(AND(AH23>'Данные ТНПА'!#REF!,AH23<='Данные ТНПА'!#REF!),'Данные ТНПА'!#REF!, "ошибка_2")))))))) -> 0 | BC23: =AZ23+2*BB23 -> 7.98 | BD23: =IF(BC23="","", IF(BC23=0,0,$BD$9)) -> 0 | BE23: =IF(BC23="","", IF(BC23=0,0,$BE$9)) -> 0 | BF23: =IF(BC23="","", IF($BD$9=0,0, IF(BC23<=13,20, IF(AND(BC23>13,BC23<=18),30, IF(AND(BC23>18,BC23<=23),40, IF(AND(BC23>23,BC23<=30),50, 60)))))) -> 0 | BG23: =IF(BC23="","",$BG$9) -> 0 | BH23: =IF(BC23="","",BC23+2*BD23*BE23*IF(BG23<=25,1,IF(BG23>33,2,1.5))) -> 7.98 | BI23: =IF(BC23="","",$BI$9) -> 0 | BJ23: =IF(BC23="","",$BJ$9) -> 0 | BK23: =IF(BJ23="","",IF(BJ23<>0,"×",0)) -> 0 | BL23: =IF(BK23="","", IF(BJ23<>0, IF(AND(BC23>7,BC23<=10),15, IF(AND(BC23>10,BC23<=13),20, IF(AND(BC23>13,BC23<=21),30, IF(AND(BC23>21,BC23<=31),40, IF(AND(BC23>31,BC23<=70),50, IF(AND(BC23>70,BC23<=80),60, "ошибка")))))),0)) -> 0 | BM23: =IF(BL23="","",$BM$9) -> 0 | BN23: =IF(BH23="","",BH23+2*BI23*BJ23) -> 7.98 | BO23: =IF(BN23="","",$BO$9) -> 0 | BP23: =IF(BO23="","",IF(BO23>0,$BP$9,0)) -> 0 | BQ23: =IF(BP23="","",IF(BP23>0,"×","")) | BR23: =IF(BN23="","",IF(BO23=0,0,IF(BN23<=19,30,IF(AND(BN23>19,BN23<=23),40,50)))) -> 0 | BS23: =IF(BO23="","",IF(BO23=0,0,$BS$9)) -> 0 | BT23: =IF(BN23="","",BN23+2*BO23*BP23*IF(BS23<=25,1,IF(BS23>33,2,1.5))) -> 7.98 | BU23: =0.85*BV23-0.1 -> 1.175 | BV23: =IF(BT23="","", IF(AND(BT23>'Данные ТНПА'!$K$8,BT23<='Данные ТНПА'!$L$8),'Данные ТНПА'!$N$8, IF(AND(BT23>'Данные ТНПА'!$K$9,BT23<='Данные ТНПА'!$L$9),'Данные ТНПА'!$N$9, IF(AND(BT23>'Данные ТНПА'!$K$10,BT23<='Данные ТНПА'!$L$10),'Данные ТНПА'!$N$10, IF(AND(BT23>'Данные ТНПА'!$K$11,BT23<='Данные ТНПА'!$L$11),'Данные ТНПА'!$N$11, IF(AND(BT23>'Данные ТНПА'!$K$12,BT23<='Данные ТНПА'!$L$12),'Данные ТНПА'!$N$12, IF(AND(BT23>'Данные ТНПА'!$K$13,BT23<='Данные ТНПА'!$L$13),'Данные ТНПА'!$N$13, IF(AND(BT23>'Данные ТНПА'!$K$14,BT23<='Данные ТНПА'!$L$14),'Данные ТНПА'!$N$14)))))))) -> 1.5 | BW23: =BT23+2*BV23 -> 10.98 | BX23: =IF(C23="а",F23*$BX$9*D23*IF(D23>1,1.007,1),0) -> 0 | BY23: =IF(C23="а",0,F23*$BY$9*D23*IF(D23>1,1.007,1)) -> 447.6115 | BZ23: =IF(G23="мс",PI()*(P23/PI()+R23)*R23*$BZ$9*1.13*D23*1.007, PI()*(IF(I23=1,K23,L23)+R23)*R23*$BZ$9*D23*IF(D23>1,1.007,1)*IF(I23=1,1,(IF(F23>=4,1.1,1.07)))) -> 29.648133 | CA23: =PI()*POWER(Y23,2)/4*$CA$9 -> #REF! | CB23: =IF(AA23="","", IF(AA23=2,SQRT((Z23*PI()/50)^2+1)*$CB$9*AA23,0)) -> 0 | CC23: =PI()*(Z23+AC23*AD23)*AC23*AD23*$CC$9*ROUND(100/(100-AG23),2) -> 0 | CD23: =PI()*(AH23+AI23*AJ23)*AI23*AJ23*$CD$9*ROUND(100/(100-AM23),2) -> 0 | CE23: =PI()*(AN23+AO23*AP23)*AO23*AP23*$CE$9*ROUND(100/(100-AS23),2) -> 0 | CF23: =PI()*(AT23+AU23*AV23)*AU23*AV23*$CF$9*ROUND(100/(100-AY23),2) -> 0 | CG23: =IF(CB23="","", IF(BB23=0,0, IF(AND(G23="мс",AC23=0),(PI()*BC23^2/4-D23*(O23+PI()*(P23/PI()+R23)*R23)-((POWER((N23+R23),2)*(D23*TAN(PI()*((D23-2)/(2*D23)))-(PI()*(D23-2)/2)))))*$CG$9, IF(AND(D23>1,OR(G23="ок",G23="мк")),(PI()*BC23^2/4-PI()*V23^2*(D23+2)/8-D23*(SIN(PI()*(D23-2)/D23))/2*(AB23/2-V23/2)^2)*$CG$9, PI()*(AB23+BB23)*BB23*1.07*$CG$9)))) -> 0 | CH23: =IF(BE23="","", IF(BD23=0,0, PI()*(BC23+BD23*BE23)*BD23*BE23*$CH$9*ROUND(100/(100-BG23),2))) -> 0 | CI23: =IF(BH23="","", PI()*(BH23+BI23*BJ23)*BI23*BJ23*$CI$9*ROUND(100/(100+BM23),2)) -> 0 | CJ23: =IF(BO23="","",PI()*(BN23+BO23*BP23)*BO23*BP23*$CJ$9*ROUND(100/(100-BS23),2)) -> 0 | CK23: =PI()*(BT23+BV23)*BV23*IF($BI$9>0,1.1,1.04)*$CK$9 -> 65.04454 | CL23: =BX23+BY23+BZ23+CK23 -> 542.30417
A24: =IF(D24="",CONCATENATE("Кабель ",IF(C24="а","А",""),$A$9),CONCATENATE("Кабель ",IF(C24="а","А",""),$A$9," ",D24,"*",F24,IF(G24="ок"," (ож)","")," - ",B24," ",IF(G24="мс"," фас. ",""),$A$2)) -> Кабель ВВГ 2*35 - 0,66 ГОСТ 16442-80 | B24: 0.66 | D24: 2 | E24: × | F24: 35 | G24: мк | H24: 2.61 | I24: 7 | J24: × | K24: =ROUNDUP(SQRT(F24/I24/PI()*4*1.07),2) -> 2.61 | L24: 2.26 | Q24: =0.9*R24-0.1 -> 0.89 | R24: =IF(B24=0.66,VLOOKUP(F24,'Данные ТНПА'!$B$8:$C$16,2,0), IF(B24=1,VLOOKUP(F24,'Данные ТНПА'!$B$17:$C$37,2,0),"ошибка")) -> 1.1 | S24: =IF(I24=1,K24+2*Q24,L24+2*Q24) -> 4.04 | V24: =IF(I24=1,K24+2*R24,L24+2*R24) -> 4.46 | Y24: =IF(V24="","",ROUND(V24*IF(AND(D24=4,F24>16),0.414,IF(D24=5,0.702,0)),1)) -> 0 | Z24: =IF(R24="","", IF(G24="мс",2*(V24+(N24+R24)*(1/COS(PI()*(D24-2)/(2*D24))-1)), IF(D24=1,V24*1,IF(D24=2,V24*2,IF(D24=3,V24*2.15,IF(D24=4,V24*2.41,IF(D24=5,V24*2.7,"ошибка"))))))) -> 8.92 | AA24: =IF(G24="","",IF(G24="мс",$AA$9,0)) -> 0 | AB24: =IF(Z24="","",Z24) -> 8.92 | AC24: =IF(G24="","",IF(G24="мс",$AC$9,0)) -> 0 | AD24: =IF(AC24="","",IF(AC24>0,IF(AND(Z24>=10,Z24<=20),0.035,IF(Z24>20,0.05,"ошибка")),0)) -> 0 | AE24: =IF(Z24="","",IF(AND(G24="мс",AC24>0),"×","")) | AF24: =IF(AC24="","",IF(AC24>0,IF(AND(Z24>=10,Z24<=20),50,IF(Z24>20,60,"ошибка")),0)) -> 0 | AG24: =IF(AC24="","",IF(AC24>0,IF(AND(Z24>=10,Z24<=13),40,IF(AND(Z24>=13,Z24<=16),30,IF(Z24>16,25,"ошибка"))),0)) -> 0 | AH24: =IF(Z24="","",IF(AND(G24="мс",AC24>0),Z24+2*AC24*AD24*IF(AG24<=25,1,IF(AG24>33,2,1.5)),Z24)) -> 8.92 | AI24: =IF(OR($AI$9=0,AH24<=10,D24=1,AND(D24>1,F24<=10,OR(G24="ок",G24="мк"))),0,1) -> 0 | AJ24: =IF(AI24=0,0,$AJ$9) -> 0 | AK24: =IF(AI24="","",IF(AI24=0,0,"×")) -> 0 | AL24: =IF(AI24=0,0,$AL$9) -> 0 | AM24: =IF(AI24=0,0, IF(AND(AH24>10,AH24<=13),55, IF(AND(AH24>13,AH24<=15),45, IF(AND(AH24>15,AH24<=18),35, IF(AND(AH24>18,AH24<=20),30, IF(AH24>20,15, 0)))))) -> 0 | AN24: =AH24+2*AI24*AJ24*(IF(AM24<25,1,IF(AM24>33,2,1.5))) -> 8.92 | AO24: =IF(OR(AI24=0,AN24<=10,AN24>23,AND(D24>1,F24<=10,OR(G24="ок",G24="мк"))),0,1) -> 0 | AP24: =IF(OR(AO24=0,AN24>23),0,$AP$9) -> 0 | AQ24: =IF(OR(AN24>23,AO24=0),0,"×") -> 0 | AR24: =IF(OR(AN24>23,AO24=0),0,$AR$9) -> 0 | AS24: =IF(AO24=0,0, IF(AND(AH24>10,AH24<=13),55, IF(AND(AH24>13,AH24<=15),45, IF(AND(AH24>15,AH24<=18),35, IF(AND(AH24>18,AH24<=20),30, IF(AND(AH24>20,AH24<=23),15, 0)))))) -> 0 | AT24: =AN24+2*AO24*AP24*(IF(AS24<25,1,IF(AS24>33,2,1.5))) -> 8.92 | AU24: =IF(OR(AI24=0,D24=1,AN24<=23),0,1) -> 0 | AV24: =IF(OR(AU24=0,AN24<=23),0,$AV$9) -> 0 | AW24: =IF(OR(AN24<=23,AU24=0),0,"×") -> 0 | AX24: =IF(OR(AN24<=23,AU24=0),0,$AX$9) -> 0 | AY24: =IF(AU24=0,0,15) -> 0 | AZ24: =AT24+2*AU24*AV24*(IF(AY24<25,1,IF(AY24>33,2,1.5))) -> 8.92 | BA24: =IF(BB24=0,0, IF(D24=1, (IF(AND(AH24>'Данные ТНПА'!#REF!,AH24<='Данные ТНПА'!#REF!),'Данные ТНПА'!#REF!, IF(AND(AH24>'Данные ТНПА'!#REF!,AH24<='Данные ТНПА'!#REF!),'Данные ТНПА'!#REF!, IF(AND(AH24>'Данные ТНПА'!#REF!,AH24<='Данные ТНПА'!#REF!),'Данные ТНПА'!#REF!, IF(AND(AH24>'Данные ТНПА'!#REF!,AH24<='Данные ТНПА'!#REF!),'Данные ТНПА'!#REF!, IF(AND(AH24>'Данные ТНПА'!#REF!,AH24<='Данные ТНПА'!#REF!),'Данные ТНПА'!#REF!, IF(AND(AH24>'Данные ТНПА'!#REF!,AH24<='Данные ТНПА'!#REF!),'Данные ТНПА'!#REF!, "ошибка_1"))))))), IF(AND(AH24>'Данные ТНПА'!#REF!,AH24<='Данные ТНПА'!#REF!),'Данные ТНПА'!#REF!, IF(AND(AH24>'Данные ТНПА'!#REF!,AH24<='Данные ТНПА'!#REF!),'Данные ТНПА'!#REF!, IF(AND(AH24>'Данные ТНПА'!#REF!,AH24<='Данные ТНПА'!#REF!),'Данные ТНПА'!#REF!, IF(AND(AH24>'Данные ТНПА'!#REF!,AH24<='Данные ТНПА'!#REF!),'Данные ТНПА'!#REF!, IF(AND(AH24>'Данные ТНПА'!#REF!,AH24<='Данные ТНПА'!#REF!),'Данные ТНПА'!#REF!, IF(AND(AH24>'Данные ТНПА'!#REF!,AH24<='Данные ТНПА'!#REF!),'Данные ТНПА'!#REF!, "ошибка_2")))))))) -> 0 | BB24: =IF(OR($AI$9=0,AND(D24>1,F24>10)),0, IF(D24=1, (IF(AND(AH24>'Данные ТНПА'!#REF!,AH24<='Данные ТНПА'!#REF!),'Данные ТНПА'!#REF!, IF(AND(AH24>'Данные ТНПА'!#REF!,AH24<='Данные ТНПА'!#REF!),'Данные ТНПА'!#REF!, IF(AND(AH24>'Данные ТНПА'!#REF!,AH24<='Данные ТНПА'!#REF!),'Данные ТНПА'!#REF!, IF(AND(AH24>'Данные ТНПА'!#REF!,AH24<='Данные ТНПА'!#REF!),'Данные ТНПА'!#REF!, IF(AND(AH24>'Данные ТНПА'!#REF!,AH24<='Данные ТНПА'!#REF!),'Данные ТНПА'!#REF!, IF(AND(AH24>'Данные ТНПА'!#REF!,AH24<='Данные ТНПА'!#REF!),'Данные ТНПА'!#REF!, "ошибка_1"))))))), IF(AND(AH24>'Данные ТНПА'!#REF!,AH24<='Данные ТНПА'!#REF!),'Данные ТНПА'!#REF!, IF(AND(AH24>'Данные ТНПА'!#REF!,AH24<='Данные ТНПА'!#REF!),'Данные ТНПА'!#REF!, IF(AND(AH24>'Данные ТНПА'!#REF!,AH24<='Данные ТНПА'!#REF!),'Данные ТНПА'!#REF!, IF(AND(AH24>'Данные ТНПА'!#REF!,AH24<='Данные ТНПА'!#REF!),'Данные ТНПА'!#REF!, IF(AND(AH24>'Данные ТНПА'!#REF!,AH24<='Данные ТНПА'!#REF!),'Данные ТНПА'!#REF!, IF(AND(AH24>'Данные ТНПА'!#REF!,AH24<='Данные ТНПА'!#REF!),'Данные ТНПА'!#REF!, "ошибка_2")))))))) -> 0 | BC24: =AZ24+2*BB24 -> 8.92 | BD24: =IF(BC24="","", IF(BC24=0,0,$BD$9)) -> 0 | BE24: =IF(BC24="","", IF(BC24=0,0,$BE$9)) -> 0 | BF24: =IF(BC24="","", IF($BD$9=0,0, IF(BC24<=13,20, IF(AND(BC24>13,BC24<=18),30, IF(AND(BC24>18,BC24<=23),40, IF(AND(BC24>23,BC24<=30),50, 60)))))) -> 0 | BG24: =IF(BC24="","",$BG$9) -> 0 | BH24: =IF(BC24="","",BC24+2*BD24*BE24*IF(BG24<=25,1,IF(BG24>33,2,1.5))) -> 8.92 | BI24: =IF(BC24="","",$BI$9) -> 0 | BJ24: =IF(BC24="","",$BJ$9) -> 0 | BK24: =IF(BJ24="","",IF(BJ24<>0,"×",0)) -> 0 | BL24: =IF(BK24="","", IF(BJ24<>0, IF(AND(BC24>7,BC24<=10),15, IF(AND(BC24>10,BC24<=13),20, IF(AND(BC24>13,BC24<=21),30, IF(AND(BC24>21,BC24<=31),40, IF(AND(BC24>31,BC24<=70),50, IF(AND(BC24>70,BC24<=80),60, "ошибка")))))),0)) -> 0 | BM24: =IF(BL24="","",$BM$9) -> 0 | BN24: =IF(BH24="","",BH24+2*BI24*BJ24) -> 8.92 | BO24: =IF(BN24="","",$BO$9) -> 0 | BP24: =IF(BO24="","",IF(BO24>0,$BP$9,0)) -> 0 | BQ24: =IF(BP24="","",IF(BP24>0,"×","")) | BR24: =IF(BN24="","",IF(BO24=0,0,IF(BN24<=19,30,IF(AND(BN24>19,BN24<=23),40,50)))) -> 0 | BS24: =IF(BO24="","",IF(BO24=0,0,$BS$9)) -> 0 | BT24: =IF(BN24="","",BN24+2*BO24*BP24*IF(BS24<=25,1,IF(BS24>33,2,1.5))) -> 8.92 | BU24: =0.85*BV24-0.1 -> 1.175 | BV24: =IF(BT24="","", IF(AND(BT24>'Данные ТНПА'!$K$8,BT24<='Данные ТНПА'!$L$8),'Данные ТНПА'!$N$8, IF(AND(BT24>'Данные ТНПА'!$K$9,BT24<='Данные ТНПА'!$L$9),'Данные ТНПА'!$N$9, IF(AND(BT24>'Данные ТНПА'!$K$10,BT24<='Данные ТНПА'!$L$10),'Данные ТНПА'!$N$10, IF(AND(BT24>'Данные ТНПА'!$K$11,BT24<='Данные ТНПА'!$L$11),'Данные ТНПА'!$N$11, IF(AND(BT24>'Данные ТНПА'!$K$12,BT24<='Данные ТНПА'!$L$12),'Данные ТНПА'!$N$12, IF(AND(BT24>'Данные ТНПА'!$K$13,BT24<='Данные ТНПА'!$L$13),'Данные ТНПА'!$N$13, IF(AND(BT24>'Данные ТНПА'!$K$14,BT24<='Данные ТНПА'!$L$14),'Данные ТНПА'!$N$14)))))))) -> 1.5 | BW24: =BT24+2*BV24 -> 11.92 | BX24: =IF(C24="а",F24*$BX$9*D24*IF(D24>1,1.007,1),0) -> 0 | BY24: =IF(C24="а",0,F24*$BY$9*D24*IF(D24>1,1.007,1)) -> 626.6561 | BZ24: =IF(G24="мс",PI()*(P24/PI()+R24)*R24*$BZ$9*1.13*D24*1.007, PI()*(IF(I24=1,K24,L24)+R24)*R24*$BZ$9*D24*IF(D24>1,1.007,1)*IF(I24=1,1,(IF(F24>=4,1.1,1.07)))) -> 34.469802 | CA24: =PI()*POWER(Y24,2)/4*$CA$9 -> #REF! | CB24: =IF(AA24="","", IF(AA24=2,SQRT((Z24*PI()/50)^2+1)*$CB$9*AA24,0)) -> 0 | CC24: =PI()*(Z24+AC24*AD24)*AC24*AD24*$CC$9*ROUND(100/(100-AG24),2) -> 0 | CD24: =PI()*(AH24+AI24*AJ24)*AI24*AJ24*$CD$9*ROUND(100/(100-AM24),2) -> 0 | CE24: =PI()*(AN24+AO24*AP24)*AO24*AP24*$CE$9*ROUND(100/(100-AS24),2) -> 0 | CF24: =PI()*(AT24+AU24*AV24)*AU24*AV24*$CF$9*ROUND(100/(100-AY24),2) -> 0 | CG24: =IF(CB24="","", IF(BB24=0,0, IF(AND(G24="мс",AC24=0),(PI()*BC24^2/4-D24*(O24+PI()*(P24/PI()+R24)*R24)-((POWER((N24+R24),2)*(D24*TAN(PI()*((D24-2)/(2*D24)))-(PI()*(D24-2)/2)))))*$CG$9, IF(AND(D24>1,OR(G24="ок",G24="мк")),(PI()*BC24^2/4-PI()*V24^2*(D24+2)/8-D24*(SIN(PI()*(D24-2)/D24))/2*(AB24/2-V24/2)^2)*$CG$9, PI()*(AB24+BB24)*BB24*1.07*$CG$9)))) -> 0 | CH24: =IF(BE24="","", IF(BD24=0,0, PI()*(BC24+BD24*BE24)*BD24*BE24*$CH$9*ROUND(100/(100-BG24),2))) -> 0 | CI24: =IF(BH24="","", PI()*(BH24+BI24*BJ24)*BI24*BJ24*$CI$9*ROUND(100/(100+BM24),2)) -> 0 | CJ24: =IF(BO24="","",PI()*(BN24+BO24*BP24)*BO24*BP24*$CJ$9*ROUND(100/(100-BS24),2)) -> 0 | CK24: =PI()*(BT24+BV24)*BV24*IF($BI$9>0,1.1,1.04)*$CK$9 -> 71.494104 | CL24: =BX24+BY24+BZ24+CK24 -> 732.62001
A25: =IF(D25="",CONCATENATE("Кабель ",IF(C25="а","А",""),$A$9),CONCATENATE("Кабель ",IF(C25="а","А",""),$A$9," ",D25,"*",F25,IF(G25="ок"," (ож)","")," - ",B25," ",IF(G25="мс"," фас. ",""),$A$2)) -> Кабель ВВГ 2*50 - 0,66 ГОСТ 16442-80 | B25: 0.66 | D25: 2 | E25: × | F25: 50 | G25: мк | H25: 3.12 | I25: 7 | J25: × | K25: =ROUNDUP(SQRT(F25/I25/PI()*4*1.07),2) -> 3.12 | L25: 2.77 | Q25: =0.9*R25-0.1 -> 1.07 | R25: =IF(B25=0.66,VLOOKUP(F25,'Данные ТНПА'!$B$8:$C$16,2,0), IF(B25=1,VLOOKUP(F25,'Данные ТНПА'!$B$17:$C$37,2,0),"ошибка")) -> 1.3 | S25: =IF(I25=1,K25+2*Q25,L25+2*Q25) -> 4.91 | V25: =IF(I25=1,K25+2*R25,L25+2*R25) -> 5.37 | Y25: =IF(V25="","",ROUND(V25*IF(AND(D25=4,F25>16),0.414,IF(D25=5,0.702,0)),1)) -> 0 | Z25: =IF(R25="","", IF(G25="мс",2*(V25+(N25+R25)*(1/COS(PI()*(D25-2)/(2*D25))-1)), IF(D25=1,V25*1,IF(D25=2,V25*2,IF(D25=3,V25*2.15,IF(D25=4,V25*2.41,IF(D25=5,V25*2.7,"ошибка"))))))) -> 10.74 | AA25: =IF(G25="","",IF(G25="мс",$AA$9,0)) -> 0 | AB25: =IF(Z25="","",Z25) -> 10.74 | AC25: =IF(G25="","",IF(G25="мс",$AC$9,0)) -> 0 | AD25: =IF(AC25="","",IF(AC25>0,IF(AND(Z25>=10,Z25<=20),0.035,IF(Z25>20,0.05,"ошибка")),0)) -> 0 | AE25: =IF(Z25="","",IF(AND(G25="мс",AC25>0),"×","")) | AF25: =IF(AC25="","",IF(AC25>0,IF(AND(Z25>=10,Z25<=20),50,IF(Z25>20,60,"ошибка")),0)) -> 0 | AG25: =IF(AC25="","",IF(AC25>0,IF(AND(Z25>=10,Z25<=13),40,IF(AND(Z25>=13,Z25<=16),30,IF(Z25>16,25,"ошибка"))),0)) -> 0 | AH25: =IF(Z25="","",IF(AND(G25="мс",AC25>0),Z25+2*AC25*AD25*IF(AG25<=25,1,IF(AG25>33,2,1.5)),Z25)) -> 10.74 | AI25: =IF(OR($AI$9=0,AH25<=10,D25=1,AND(D25>1,F25<=10,OR(G25="ок",G25="мк"))),0,1) -> 0 | AJ25: =IF(AI25=0,0,$AJ$9) -> 0 | AK25: =IF(AI25="","",IF(AI25=0,0,"×")) -> 0 | AL25: =IF(AI25=0,0,$AL$9) -> 0 | AM25: =IF(AI25=0,0, IF(AND(AH25>10,AH25<=13),55, IF(AND(AH25>13,AH25<=15),45, IF(AND(AH25>15,AH25<=18),35, IF(AND(AH25>18,AH25<=20),30, IF(AH25>20,15, 0)))))) -> 0 | AN25: =AH25+2*AI25*AJ25*(IF(AM25<25,1,IF(AM25>33,2,1.5))) -> 10.74 | AO25: =IF(OR(AI25=0,AN25<=10,AN25>23,AND(D25>1,F25<=10,OR(G25="ок",G25="мк"))),0,1) -> 0 | AP25: =IF(OR(AO25=0,AN25>23),0,$AP$9) -> 0 | AQ25: =IF(OR(AN25>23,AO25=0),0,"×") -> 0 | AR25: =IF(OR(AN25>23,AO25=0),0,$AR$9) -> 0 | AS25: =IF(AO25=0,0, IF(AND(AH25>10,AH25<=13),55, IF(AND(AH25>13,AH25<=15),45, IF(AND(AH25>15,AH25<=18),35, IF(AND(AH25>18,AH25<=20),30, IF(AND(AH25>20,AH25<=23),15, 0)))))) -> 0 | AT25: =AN25+2*AO25*AP25*(IF(AS25<25,1,IF(AS25>33,2,1.5))) -> 10.74 | AU25: =IF(OR(AI25=0,D25=1,AN25<=23),0,1) -> 0 | AV25: =IF(OR(AU25=0,AN25<=23),0,$AV$9) -> 0 | AW25: =IF(OR(AN25<=23,AU25=0),0,"×") -> 0 | AX25: =IF(OR(AN25<=23,AU25=0),0,$AX$9) -> 0 | AY25: =IF(AU25=0,0,15) -> 0 | AZ25: =AT25+2*AU25*AV25*(IF(AY25<25,1,IF(AY25>33,2,1.5))) -> 10.74 | BA25: =IF(BB25=0,0, IF(D25=1, (IF(AND(AH25>'Данные ТНПА'!#REF!,AH25<='Данные ТНПА'!#REF!),'Данные ТНПА'!#REF!, IF(AND(AH25>'Данные ТНПА'!#REF!,AH25<='Данные ТНПА'!#REF!),'Данные ТНПА'!#REF!, IF(AND(AH25>'Данные ТНПА'!#REF!,AH25<='Данные ТНПА'!#REF!),'Данные ТНПА'!#REF!, IF(AND(AH25>'Данные ТНПА'!#REF!,AH25<='Данные ТНПА'!#REF!),'Данные ТНПА'!#REF!, IF(AND(AH25>'Данные ТНПА'!#REF!,AH25<='Данные ТНПА'!#REF!),'Данные ТНПА'!#REF!, IF(AND(AH25>'Данные ТНПА'!#REF!,AH25<='Данные ТНПА'!#REF!),'Данные ТНПА'!#REF!, "ошибка_1"))))))), IF(AND(AH25>'Данные ТНПА'!#REF!,AH25<='Данные ТНПА'!#REF!),'Данные ТНПА'!#REF!, IF(AND(AH25>'Данные ТНПА'!#REF!,AH25<='Данные ТНПА'!#REF!),'Данные ТНПА'!#REF!, IF(AND(AH25>'Данные ТНПА'!#REF!,AH25<='Данные ТНПА'!#REF!),'Данные ТНПА'!#REF!, IF(AND(AH25>'Данные ТНПА'!#REF!,AH25<='Данные ТНПА'!#REF!),'Данные ТНПА'!#REF!, IF(AND(AH25>'Данные ТНПА'!#REF!,AH25<='Данные ТНПА'!#REF!),'Данные ТНПА'!#REF!, IF(AND(AH25>'Данные ТНПА'!#REF!,AH25<='Данные ТНПА'!#REF!),'Данные ТНПА'!#REF!, "ошибка_2")))))))) -> 0 | BB25: =IF(OR($AI$9=0,AND(D25>1,F25>10)),0, IF(D25=1, (IF(AND(AH25>'Данные ТНПА'!#REF!,AH25<='Данные ТНПА'!#REF!),'Данные ТНПА'!#REF!, IF(AND(AH25>'Данные ТНПА'!#REF!,AH25<='Данные ТНПА'!#REF!),'Данные ТНПА'!#REF!, IF(AND(AH25>'Данные ТНПА'!#REF!,AH25<='Данные ТНПА'!#REF!),'Данные ТНПА'!#REF!, IF(AND(AH25>'Данные ТНПА'!#REF!,AH25<='Данные ТНПА'!#REF!),'Данные ТНПА'!#REF!, IF(AND(AH25>'Данные ТНПА'!#REF!,AH25<='Данные ТНПА'!#REF!),'Данные ТНПА'!#REF!, IF(AND(AH25>'Данные ТНПА'!#REF!,AH25<='Данные ТНПА'!#REF!),'Данные ТНПА'!#REF!, "ошибка_1"))))))), IF(AND(AH25>'Данные ТНПА'!#REF!,AH25<='Данные ТНПА'!#REF!),'Данные ТНПА'!#REF!, IF(AND(AH25>'Данные ТНПА'!#REF!,AH25<='Данные ТНПА'!#REF!),'Данные ТНПА'!#REF!, IF(AND(AH25>'Данные ТНПА'!#REF!,AH25<='Данные ТНПА'!#REF!),'Данные ТНПА'!#REF!, IF(AND(AH25>'Данные ТНПА'!#REF!,AH25<='Данные ТНПА'!#REF!),'Данные ТНПА'!#REF!, IF(AND(AH25>'Данные ТНПА'!#REF!,AH25<='Данные ТНПА'!#REF!),'Данные ТНПА'!#REF!, IF(AND(AH25>'Данные ТНПА'!#REF!,AH25<='Данные ТНПА'!#REF!),'Данные ТНПА'!#REF!, "ошибка_2")))))))) -> 0 | BC25: =AZ25+2*BB25 -> 10.74 | BD25: =IF(BC25="","", IF(BC25=0,0,$BD$9)) -> 0 | BE25: =IF(BC25="","", IF(BC25=0,0,$BE$9)) -> 0 | BF25: =IF(BC25="","", IF($BD$9=0,0, IF(BC25<=13,20, IF(AND(BC25>13,BC25<=18),30, IF(AND(BC25>18,BC25<=23),40, IF(AND(BC25>23,BC25<=30),50, 60)))))) -> 0 | BG25: =IF(BC25="","",$BG$9) -> 0 | BH25: =IF(BC25="","",BC25+2*BD25*BE25*IF(BG25<=25,1,IF(BG25>33,2,1.5))) -> 10.74 | BI25: =IF(BC25="","",$BI$9) -> 0 | BJ25: =IF(BC25="","",$BJ$9) -> 0 | BK25: =IF(BJ25="","",IF(BJ25<>0,"×",0)) -> 0 | BL25: =IF(BK25="","", IF(BJ25<>0, IF(AND(BC25>7,BC25<=10),15, IF(AND(BC25>10,BC25<=13),20, IF(AND(BC25>13,BC25<=21),30, IF(AND(BC25>21,BC25<=31),40, IF(AND(BC25>31,BC25<=70),50, IF(AND(BC25>70,BC25<=80),60, "ошибка")))))),0)) -> 0 | BM25: =IF(BL25="","",$BM$9) -> 0 | BN25: =IF(BH25="","",BH25+2*BI25*BJ25) -> 10.74 | BO25: =IF(BN25="","",$BO$9) -> 0 | BP25: =IF(BO25="","",IF(BO25>0,$BP$9,0)) -> 0 | BQ25: =IF(BP25="","",IF(BP25>0,"×","")) | BR25: =IF(BN25="","",IF(BO25=0,0,IF(BN25<=19,30,IF(AND(BN25>19,BN25<=23),40,50)))) -> 0 | BS25: =IF(BO25="","",IF(BO25=0,0,$BS$9)) -> 0 | BT25: =IF(BN25="","",BN25+2*BO25*BP25*IF(BS25<=25,1,IF(BS25>33,2,1.5))) -> 10.74 | BU25: =0.85*BV25-0.1 -> 1.175 | BV25: =IF(BT25="","", IF(AND(BT25>'Данные ТНПА'!$K$8,BT25<='Данные ТНПА'!$L$8),'Данные ТНПА'!$N$8, IF(AND(BT25>'Данные ТНПА'!$K$9,BT25<='Данные ТНПА'!$L$9),'Данные ТНПА'!$N$9, IF(AND(BT25>'Данные ТНПА'!$K$10,BT25<='Данные ТНПА'!$L$10),'Данные ТНПА'!$N$10, IF(AND(BT25>'Данные ТНПА'!$K$11,BT25<='Данные ТНПА'!$L$11),'Данные ТНПА'!$N$11, IF(AND(BT25>'Данные ТНПА'!$K$12,BT25<='Данные ТНПА'!$L$12),'Данные ТНПА'!$N$12, IF(AND(BT25>'Данные ТНПА'!$K$13,BT25<='Данные ТНПА'!$L$13),'Данные ТНПА'!$N$13, IF(AND(BT25>'Данные ТНПА'!$K$14,BT25<='Данные ТНПА'!$L$14),'Данные ТНПА'!$N$14)))))))) -> 1.5 | BW25: =BT25+2*BV25 -> 13.74 | BX25: =IF(C25="а",F25*$BX$9*D25*IF(D25>1,1.007,1),0) -> 0 | BY25: =IF(C25="а",0,F25*$BY$9*D25*IF(D25>1,1.007,1)) -> 895.223 | BZ25: =IF(G25="мс",PI()*(P25/PI()+R25)*R25*$BZ$9*1.13*D25*1.007, PI()*(IF(I25=1,K25,L25)+R25)*R25*$BZ$9*D25*IF(D25>1,1.007,1)*IF(I25=1,1,(IF(F25>=4,1.1,1.07)))) -> 49.345163 | CA25: =PI()*POWER(Y25,2)/4*$CA$9 -> #REF! | CB25: =IF(AA25="","", IF(AA25=2,SQRT((Z25*PI()/50)^2+1)*$CB$9*AA25,0)) -> 0 | CC25: =PI()*(Z25+AC25*AD25)*AC25*AD25*$CC$9*ROUND(100/(100-AG25),2) -> 0 | CD25: =PI()*(AH25+AI25*AJ25)*AI25*AJ25*$CD$9*ROUND(100/(100-AM25),2) -> 0 | CE25: =PI()*(AN25+AO25*AP25)*AO25*AP25*$CE$9*ROUND(100/(100-AS25),2) -> 0 | CF25: =PI()*(AT25+AU25*AV25)*AU25*AV25*$CF$9*ROUND(100/(100-AY25),2) -> 0 | CG25: =IF(CB25="","", IF(BB25=0,0, IF(AND(G25="мс",AC25=0),(PI()*BC25^2/4-D25*(O25+PI()*(P25/PI()+R25)*R25)-((POWER((N25+R25),2)*(D25*TAN(PI()*((D25-2)/(2*D25)))-(PI()*(D25-2)/2)))))*$CG$9, IF(AND(D25>1,OR(G25="ок",G25="мк")),(PI()*BC25^2/4-PI()*V25^2*(D25+2)/8-D25*(SIN(PI()*(D25-2)/D25))/2*(AB25/2-V25/2)^2)*$CG$9, PI()*(AB25+BB25)*BB25*1.07*$CG$9)))) -> 0 | CH25: =IF(BE25="","", IF(BD25=0,0, PI()*(BC25+BD25*BE25)*BD25*BE25*$CH$9*ROUND(100/(100-BG25),2))) -> 0 | CI25: =IF(BH25="","", PI()*(BH25+BI25*BJ25)*BI25*BJ25*$CI$9*ROUND(100/(100+BM25),2)) -> 0 | CJ25: =IF(BO25="","",PI()*(BN25+BO25*BP25)*BO25*BP25*$CJ$9*ROUND(100/(100-BS25),2)) -> 0 | CK25: =PI()*(BT25+BV25)*BV25*IF($BI$9>0,1.1,1.04)*$CK$9 -> 83.981557 | CL25: =BX25+BY25+BZ25+CK25 -> 1028.5497
A26: =IF(D26="",CONCATENATE("Кабель ",IF(C26="а","А",""),$A$9),CONCATENATE("Кабель ",IF(C26="а","А",""),$A$9," ",D26,"*",F26,IF(G26="ок"," (ож)","")," - ",B26," ",IF(G26="мс"," фас. ",""),$A$2)) -> Кабель ВВГ 2*1,5 (ож) - 0,66 ГОСТ 16442-80 | B26: 0.66 | D26: 2 | E26: × | F26: 1.5 | G26: ок | H26: 1.39 | I26: 1 | J26: × | K26: =ROUNDUP(SQRT(F26/PI()*4),2) -> 1.39 | L26: 3.57 | Q26: =0.9*R26-0.1 -> 0.44 | R26: =IF(B26=0.66,VLOOKUP(F26,'Данные ТНПА'!$B$8:$C$16,2,0), IF(B26=1,VLOOKUP(F26,'Данные ТНПА'!$B$17:$C$37,2,0),"ошибка")) -> 0.6 | S26: =IF(I26=1,K26+2*Q26,L26+2*Q26) -> 2.27 | V26: =IF(I26=1,K26+2*R26,L26+2*R26) -> 2.59 | Y26: =IF(V26="","",ROUND(V26*IF(AND(D26=4,F26>16),0.414,IF(D26=5,0.702,0)),1)) -> 0 | Z26: =IF(R26="","", IF(G26="мс",2*(V26+(N26+R26)*(1/COS(PI()*(D26-2)/(2*D26))-1)), IF(D26=1,V26*1,IF(D26=2,V26*2,IF(D26=3,V26*2.15,IF(D26=4,V26*2.41,IF(D26=5,V26*2.7,"ошибка"))))))) -> 5.18 | AA26: =IF(G26="","",IF(G26="мс",$AA$9,0)) -> 0 | AB26: =IF(Z26="","",Z26) -> 5.18 | AC26: =IF(G26="","",IF(G26="мс",$AC$9,0)) -> 0 | AD26: =IF(AC26="","",IF(AC26>0,IF(AND(Z26>=10,Z26<=20),0.035,IF(Z26>20,0.05,"ошибка")),0)) -> 0 | AE26: =IF(Z26="","",IF(AND(G26="мс",AC26>0),"×","")) | AF26: =IF(AC26="","",IF(AC26>0,IF(AND(Z26>=10,Z26<=20),50,IF(Z26>20,60,"ошибка")),0)) -> 0 | AG26: =IF(AC26="","",IF(AC26>0,IF(AND(Z26>=10,Z26<=13),40,IF(AND(Z26>=13,Z26<=16),30,IF(Z26>16,25,"ошибка"))),0)) -> 0 | AH26: =IF(Z26="","",IF(AND(G26="мс",AC26>0),Z26+2*AC26*AD26*IF(AG26<=25,1,IF(AG26>33,2,1.5)),Z26)) -> 5.18 | AI26: =IF(OR($AI$9=0,AH26<=10,D26=1,AND(D26>1,F26<=10,OR(G26="ок",G26="мк"))),0,1) -> 0 | AJ26: =IF(AI26=0,0,$AJ$9) -> 0 | AK26: =IF(AI26="","",IF(AI26=0,0,"×")) -> 0 | AL26: =IF(AI26=0,0,$AL$9) -> 0 | AM26: =IF(AI26=0,0, IF(AND(AH26>10,AH26<=13),55, IF(AND(AH26>13,AH26<=15),45, IF(AND(AH26>15,AH26<=18),35, IF(AND(AH26>18,AH26<=20),30, IF(AH26>20,15, 0)))))) -> 0 | AN26: =AH26+2*AI26*AJ26*(IF(AM26<25,1,IF(AM26>33,2,1.5))) -> 5.18 | AO26: =IF(OR(AI26=0,AN26<=10,AN26>23,AND(D26>1,F26<=10,OR(G26="ок",G26="мк"))),0,1) -> 0 | AP26: =IF(OR(AO26=0,AN26>23),0,$AP$9) -> 0 | AQ26: =IF(OR(AN26>23,AO26=0),0,"×") -> 0 | AR26: =IF(OR(AN26>23,AO26=0),0,$AR$9) -> 0 | AS26: =IF(AO26=0,0, IF(AND(AH26>10,AH26<=13),55, IF(AND(AH26>13,AH26<=15),45, IF(AND(AH26>15,AH26<=18),35, IF(AND(AH26>18,AH26<=20),30, IF(AND(AH26>20,AH26<=23),15, 0)))))) -> 0 | AT26: =AN26+2*AO26*AP26*(IF(AS26<25,1,IF(AS26>33,2,1.5))) -> 5.18 | AU26: =IF(OR(AI26=0,D26=1,AN26<=23),0,1) -> 0 | AV26: =IF(OR(AU26=0,AN26<=23),0,$AV$9) -> 0 | AW26: =IF(OR(AN26<=23,AU26=0),0,"×") -> 0 | AX26: =IF(OR(AN26<=23,AU26=0),0,$AX$9) -> 0 | AY26: =IF(AU26=0,0,15) -> 0 | AZ26: =AT26+2*AU26*AV26*(IF(AY26<25,1,IF(AY26>33,2,1.5))) -> 5.18 | BA26: =IF(BB26=0,0, IF(D26=1, (IF(AND(AH26>'Данные ТНПА'!#REF!,AH26<='Данные ТНПА'!#REF!),'Данные ТНПА'!#REF!, IF(AND(AH26>'Данные ТНПА'!#REF!,AH26<='Данные ТНПА'!#REF!),'Данные ТНПА'!#REF!, IF(AND(AH26>'Данные ТНПА'!#REF!,AH26<='Данные ТНПА'!#REF!),'Данные ТНПА'!#REF!, IF(AND(AH26>'Данные ТНПА'!#REF!,AH26<='Данные ТНПА'!#REF!),'Данные ТНПА'!#REF!, IF(AND(AH26>'Данные ТНПА'!#REF!,AH26<='Данные ТНПА'!#REF!),'Данные ТНПА'!#REF!, IF(AND(AH26>'Данные ТНПА'!#REF!,AH26<='Данные ТНПА'!#REF!),'Данные ТНПА'!#REF!, "ошибка_1"))))))), IF(AND(AH26>'Данные ТНПА'!#REF!,AH26<='Данные ТНПА'!#REF!),'Данные ТНПА'!#REF!, IF(AND(AH26>'Данные ТНПА'!#REF!,AH26<='Данные ТНПА'!#REF!),'Данные ТНПА'!#REF!, IF(AND(AH26>'Данные ТНПА'!#REF!,AH26<='Данные ТНПА'!#REF!),'Данные ТНПА'!#REF!, IF(AND(AH26>'Данные ТНПА'!#REF!,AH26<='Данные ТНПА'!#REF!),'Данные ТНПА'!#REF!, IF(AND(AH26>'Данные ТНПА'!#REF!,AH26<='Данные ТНПА'!#REF!),'Данные ТНПА'!#REF!, IF(AND(AH26>'Данные ТНПА'!#REF!,AH26<='Данные ТНПА'!#REF!),'Данные ТНПА'!#REF!, "ошибка_2")))))))) -> 0 | BB26: =IF(OR($AI$9=0,AND(D26>1,F26>10)),0, IF(D26=1, (IF(AND(AH26>'Данные ТНПА'!#REF!,AH26<='Данные ТНПА'!#REF!),'Данные ТНПА'!#REF!, IF(AND(AH26>'Данные ТНПА'!#REF!,AH26<='Данные ТНПА'!#REF!),'Данные ТНПА'!#REF!, IF(AND(AH26>'Данные ТНПА'!#REF!,AH26<='Данные ТНПА'!#REF!),'Данные ТНПА'!#REF!, IF(AND(AH26>'Данные ТНПА'!#REF!,AH26<='Данные ТНПА'!#REF!),'Данные ТНПА'!#REF!, IF(AND(AH26>'Данные ТНПА'!#REF!,AH26<='Данные ТНПА'!#REF!),'Данные ТНПА'!#REF!, IF(AND(AH26>'Данные ТНПА'!#REF!,AH26<='Данные ТНПА'!#REF!),'Данные ТНПА'!#REF!, "ошибка_1"))))))), IF(AND(AH26>'Данные ТНПА'!#REF!,AH26<='Данные ТНПА'!#REF!),'Данные ТНПА'!#REF!, IF(AND(AH26>'Данные ТНПА'!#REF!,AH26<='Данные ТНПА'!#REF!),'Данные ТНПА'!#REF!, IF(AND(AH26>'Данные ТНПА'!#REF!,AH26<='Данные ТНПА'!#REF!),'Данные ТНПА'!#REF!, IF(AND(AH26>'Данные ТНПА'!#REF!,AH26<='Данные ТНПА'!#REF!),'Данные ТНПА'!#REF!, IF(AND(AH26>'Данные ТНПА'!#REF!,AH26<='Данные ТНПА'!#REF!),'Данные ТНПА'!#REF!, IF(AND(AH26>'Данные ТНПА'!#REF!,AH26<='Данные ТНПА'!#REF!),'Данные ТНПА'!#REF!, "ошибка_2")))))))) -> 0 | BC26: =AZ26+2*BB26 -> 5.18 | BD26: =IF(BC26="","", IF(BC26=0,0,$BD$9)) -> 0 | BE26: =IF(BC26="","", IF(BC26=0,0,$BE$9)) -> 0 | BF26: =IF(BC26="","", IF($BD$9=0,0, IF(BC26<=13,20, IF(AND(BC26>13,BC26<=18),30, IF(AND(BC26>18,BC26<=23),40, IF(AND(BC26>23,BC26<=30),50, 60)))))) -> 0 | BG26: =IF(BC26="","",$BG$9) -> 0 | BH26: =IF(BC26="","",BC26+2*BD26*BE26*IF(BG26<=25,1,IF(BG26>33,2,1.5))) -> 5.18 | BI26: =IF(BC26="","",$BI$9) -> 0 | BJ26: =IF(BC26="","",$BJ$9) -> 0 | BK26: =IF(BJ26="","",IF(BJ26<>0,"×",0)) -> 0 | BL26: =IF(BK26="","", IF(BJ26<>0, IF(AND(BC26>7,BC26<=10),15, IF(AND(BC26>10,BC26<=13),20, IF(AND(BC26>13,BC26<=21),30, IF(AND(BC26>21,BC26<=31),40, IF(AND(BC26>31,BC26<=70),50, IF(AND(BC26>70,BC26<=80),60, "ошибка")))))),0)) -> 0 | BM26: =IF(BL26="","",$BM$9) -> 0 | BN26: =IF(BH26="","",BH26+2*BI26*BJ26) -> 5.18 | BO26: =IF(BN26="","",$BO$9) -> 0 | BP26: =IF(BO26="","",IF(BO26>0,$BP$9,0)) -> 0 | BQ26: =IF(BP26="","",IF(BP26>0,"×","")) | BR26: =IF(BN26="","",IF(BO26=0,0,IF(BN26<=19,30,IF(AND(BN26>19,BN26<=23),40,50)))) -> 0 | BS26: =IF(BO26="","",IF(BO26=0,0,$BS$9)) -> 0 | BT26: =IF(BN26="","",BN26+2*BO26*BP26*IF(BS26<=25,1,IF(BS26>33,2,1.5))) -> 5.18 | BU26: =0.85*BV26-0.1 -> 0.92 | BV26: =IF(BT26="","", IF(AND(BT26>'Данные ТНПА'!$K$8,BT26<='Данные ТНПА'!$L$8),'Данные ТНПА'!$N$8, IF(AND(BT26>'Данные ТНПА'!$K$9,BT26<='Данные ТНПА'!$L$9),'Данные ТНПА'!$N$9, IF(AND(BT26>'Данные ТНПА'!$K$10,BT26<='Данные ТНПА'!$L$10),'Данные ТНПА'!$N$10, IF(AND(BT26>'Данные ТНПА'!$K$11,BT26<='Данные ТНПА'!$L$11),'Данные ТНПА'!$N$11, IF(AND(BT26>'Данные ТНПА'!$K$12,BT26<='Данные ТНПА'!$L$12),'Данные ТНПА'!$N$12, IF(AND(BT26>'Данные ТНПА'!$K$13,BT26<='Данные ТНПА'!$L$13),'Данные ТНПА'!$N$13, IF(AND(BT26>'Данные ТНПА'!$K$14,BT26<='Данные ТНПА'!$L$14),'Данные ТНПА'!$N$14)))))))) -> 1.2 | BW26: =BT26+2*BV26 -> 7.58 | BX26: =IF(C26="а",F26*$BX$9*D26*IF(D26>1,1.007,1),0) -> 0 | BY26: =IF(C26="а",0,F26*$BY$9*D26*IF(D26>1,1.007,1)) -> 26.85669 | BZ26: =IF(G26="мс",PI()*(P26/PI()+R26)*R26*$BZ$9*1.13*D26*1.007, PI()*(IF(I26=1,K26,L26)+R26)*R26*$BZ$9*D26*IF(D26>1,1.007,1)*IF(I26=1,1,(IF(F26>=4,1.1,1.07)))) -> 10.123215 | CA26: =PI()*POWER(Y26,2)/4*$CA$9 -> #REF! | CB26: =IF(AA26="","", IF(AA26=2,SQRT((Z26*PI()/50)^2+1)*$CB$9*AA26,0)) -> 0 | CC26: =PI()*(Z26+AC26*AD26)*AC26*AD26*$CC$9*ROUND(100/(100-AG26),2) -> 0 | CD26: =PI()*(AH26+AI26*AJ26)*AI26*AJ26*$CD$9*ROUND(100/(100-AM26),2) -> 0 | CE26: =PI()*(AN26+AO26*AP26)*AO26*AP26*$CE$9*ROUND(100/(100-AS26),2) -> 0 | CF26: =PI()*(AT26+AU26*AV26)*AU26*AV26*$CF$9*ROUND(100/(100-AY26),2) -> 0 | CG26: =IF(CB26="","", IF(BB26=0,0, IF(AND(G26="мс",AC26=0),(PI()*BC26^2/4-D26*(O26+PI()*(P26/PI()+R26)*R26)-((POWER((N26+R26),2)*(D26*TAN(PI()*((D26-2)/(2*D26)))-(PI()*(D26-2)/2)))))*$CG$9, IF(AND(D26>1,OR(G26="ок",G26="мк")),(PI()*BC26^2/4-PI()*V26^2*(D26+2)/8-D26*(SIN(PI()*(D26-2)/D26))/2*(AB26/2-V26/2)^2)*$CG$9, PI()*(AB26+BB26)*BB26*1.07*$CG$9)))) -> 0 | CH26: =IF(BE26="","", IF(BD26=0,0, PI()*(BC26+BD26*BE26)*BD26*BE26*$CH$9*ROUND(100/(100-BG26),2))) -> 0 | CI26: =IF(BH26="","", PI()*(BH26+BI26*BJ26)*BI26*BJ26*$CI$9*ROUND(100/(100+BM26),2)) -> 0 | CJ26: =IF(BO26="","",PI()*(BN26+BO26*BP26)*BO26*BP26*$CJ$9*ROUND(100/(100-BS26),2)) -> 0 | CK26: =PI()*(BT26+BV26)*BV26*IF($BI$9>0,1.1,1.04)*$CK$9 -> 35.019761 | CL26: =BX26+BY26+BZ26+CK26 -> 71.999666
A27: =IF(D27="",CONCATENATE("Кабель ",IF(C27="а","А",""),$A$9),CONCATENATE("Кабель ",IF(C27="а","А",""),$A$9," ",D27,"*",F27,IF(G27="ок"," (ож)","")," - ",B27," ",IF(G27="мс"," фас. ",""),$A$2)) -> Кабель ВВГ 2*2,5 (ож) - 0,66 ГОСТ 16442-80 | B27: 0.66 | D27: 2 | E27: × | F27: 2.5 | G27: ок | H27: 1.79 | I27: 1 | J27: × | K27: =ROUNDUP(SQRT(F27/PI()*4),2) -> 1.79 | L27: 4.52 | Q27: =0.9*R27-0.1 -> 0.44 | R27: =IF(B27=0.66,VLOOKUP(F27,'Данные ТНПА'!$B$8:$C$16,2,0), IF(B27=1,VLOOKUP(F27,'Данные ТНПА'!$B$17:$C$37,2,0),"ошибка")) -> 0.6 | S27: =IF(I27=1,K27+2*Q27,L27+2*Q27) -> 2.67 | V27: =IF(I27=1,K27+2*R27,L27+2*R27) -> 2.99 | Y27: =IF(V27="","",ROUND(V27*IF(AND(D27=4,F27>16),0.414,IF(D27=5,0.702,0)),1)) -> 0 | Z27: =IF(R27="","", IF(G27="мс",2*(V27+(N27+R27)*(1/COS(PI()*(D27-2)/(2*D27))-1)), IF(D27=1,V27*1,IF(D27=2,V27*2,IF(D27=3,V27*2.15,IF(D27=4,V27*2.41,IF(D27=5,V27*2.7,"ошибка"))))))) -> 5.98 | AA27: =IF(G27="","",IF(G27="мс",$AA$9,0)) -> 0 | AB27: =IF(Z27="","",Z27) -> 5.98 | AC27: =IF(G27="","",IF(G27="мс",$AC$9,0)) -> 0 | AD27: =IF(AC27="","",IF(AC27>0,IF(AND(Z27>=10,Z27<=20),0.035,IF(Z27>20,0.05,"ошибка")),0)) -> 0 | AE27: =IF(Z27="","",IF(AND(G27="мс",AC27>0),"×","")) | AF27: =IF(AC27="","",IF(AC27>0,IF(AND(Z27>=10,Z27<=20),50,IF(Z27>20,60,"ошибка")),0)) -> 0 | AG27: =IF(AC27="","",IF(AC27>0,IF(AND(Z27>=10,Z27<=13),40,IF(AND(Z27>=13,Z27<=16),30,IF(Z27>16,25,"ошибка"))),0)) -> 0 | AH27: =IF(Z27="","",IF(AND(G27="мс",AC27>0),Z27+2*AC27*AD27*IF(AG27<=25,1,IF(AG27>33,2,1.5)),Z27)) -> 5.98 | AI27: =IF(OR($AI$9=0,AH27<=10,D27=1,AND(D27>1,F27<=10,OR(G27="ок",G27="мк"))),0,1) -> 0 | AJ27: =IF(AI27=0,0,$AJ$9) -> 0 | AK27: =IF(AI27="","",IF(AI27=0,0,"×")) -> 0 | AL27: =IF(AI27=0,0,$AL$9) -> 0 | AM27: =IF(AI27=0,0, IF(AND(AH27>10,AH27<=13),55, IF(AND(AH27>13,AH27<=15),45, IF(AND(AH27>15,AH27<=18),35, IF(AND(AH27>18,AH27<=20),30, IF(AH27>20,15, 0)))))) -> 0 | AN27: =AH27+2*AI27*AJ27*(IF(AM27<25,1,IF(AM27>33,2,1.5))) -> 5.98 | AO27: =IF(OR(AI27=0,AN27<=10,AN27>23,AND(D27>1,F27<=10,OR(G27="ок",G27="мк"))),0,1) -> 0 | AP27: =IF(OR(AO27=0,AN27>23),0,$AP$9) -> 0 | AQ27: =IF(OR(AN27>23,AO27=0),0,"×") -> 0 | AR27: =IF(OR(AN27>23,AO27=0),0,$AR$9) -> 0 | AS27: =IF(AO27=0,0, IF(AND(AH27>10,AH27<=13),55, IF(AND(AH27>13,AH27<=15),45, IF(AND(AH27>15,AH27<=18),35, IF(AND(AH27>18,AH27<=20),30, IF(AND(AH27>20,AH27<=23),15, 0)))))) -> 0 | AT27: =AN27+2*AO27*AP27*(IF(AS27<25,1,IF(AS27>33,2,1.5))) -> 5.98 | AU27: =IF(OR(AI27=0,D27=1,AN27<=23),0,1) -> 0 | AV27: =IF(OR(AU27=0,AN27<=23),0,$AV$9) -> 0 | AW27: =IF(OR(AN27<=23,AU27=0),0,"×") -> 0 | AX27: =IF(OR(AN27<=23,AU27=0),0,$AX$9) -> 0 | AY27: =IF(AU27=0,0,15) -> 0 | AZ27: =AT27+2*AU27*AV27*(IF(AY27<25,1,IF(AY27>33,2,1.5))) -> 5.98 | BA27: =IF(BB27=0,0, IF(D27=1, (IF(AND(AH27>'Данные ТНПА'!#REF!,AH27<='Данные ТНПА'!#REF!),'Данные ТНПА'!#REF!, IF(AND(AH27>'Данные ТНПА'!#REF!,AH27<='Данные ТНПА'!#REF!),'Данные ТНПА'!#REF!, IF(AND(AH27>'Данные ТНПА'!#REF!,AH27<='Данные ТНПА'!#REF!),'Данные ТНПА'!#REF!, IF(AND(AH27>'Данные ТНПА'!#REF!,AH27<='Данные ТНПА'!#REF!),'Данные ТНПА'!#REF!, IF(AND(AH27>'Данные ТНПА'!#REF!,AH27<='Данные ТНПА'!#REF!),'Данные ТНПА'!#REF!, IF(AND(AH27>'Данные ТНПА'!#REF!,AH27<='Данные ТНПА'!#REF!),'Данные ТНПА'!#REF!, "ошибка_1"))))))), IF(AND(AH27>'Данные ТНПА'!#REF!,AH27<='Данные ТНПА'!#REF!),'Данные ТНПА'!#REF!, IF(AND(AH27>'Данные ТНПА'!#REF!,AH27<='Данные ТНПА'!#REF!),'Данные ТНПА'!#REF!, IF(AND(AH27>'Данные ТНПА'!#REF!,AH27<='Данные ТНПА'!#REF!),'Данные ТНПА'!#REF!, IF(AND(AH27>'Данные ТНПА'!#REF!,AH27<='Данные ТНПА'!#REF!),'Данные ТНПА'!#REF!, IF(AND(AH27>'Данные ТНПА'!#REF!,AH27<='Данные ТНПА'!#REF!),'Данные ТНПА'!#REF!, IF(AND(AH27>'Данные ТНПА'!#REF!,AH27<='Данные ТНПА'!#REF!),'Данные ТНПА'!#REF!, "ошибка_2")))))))) -> 0 | BB27: =IF(OR($AI$9=0,AND(D27>1,F27>10)),0, IF(D27=1, (IF(AND(AH27>'Данные ТНПА'!#REF!,AH27<='Данные ТНПА'!#REF!),'Данные ТНПА'!#REF!, IF(AND(AH27>'Данные ТНПА'!#REF!,AH27<='Данные ТНПА'!#REF!),'Данные ТНПА'!#REF!, IF(AND(AH27>'Данные ТНПА'!#REF!,AH27<='Данные ТНПА'!#REF!),'Данные ТНПА'!#REF!, IF(AND(AH27>'Данные ТНПА'!#REF!,AH27<='Данные ТНПА'!#REF!),'Данные ТНПА'!#REF!, IF(AND(AH27>'Данные ТНПА'!#REF!,AH27<='Данные ТНПА'!#REF!),'Данные ТНПА'!#REF!, IF(AND(AH27>'Данные ТНПА'!#REF!,AH27<='Данные ТНПА'!#REF!),'Данные ТНПА'!#REF!, "ошибка_1"))))))), IF(AND(AH27>'Данные ТНПА'!#REF!,AH27<='Данные ТНПА'!#REF!),'Данные ТНПА'!#REF!, IF(AND(AH27>'Данные ТНПА'!#REF!,AH27<='Данные ТНПА'!#REF!),'Данные ТНПА'!#REF!, IF(AND(AH27>'Данные ТНПА'!#REF!,AH27<='Данные ТНПА'!#REF!),'Данные ТНПА'!#REF!, IF(AND(AH27>'Данные ТНПА'!#REF!,AH27<='Данные ТНПА'!#REF!),'Данные ТНПА'!#REF!, IF(AND(AH27>'Данные ТНПА'!#REF!,AH27<='Данные ТНПА'!#REF!),'Данные ТНПА'!#REF!, IF(AND(AH27>'Данные ТНПА'!#REF!,AH27<='Данные ТНПА'!#REF!),'Данные ТНПА'!#REF!, "ошибка_2")))))))) -> 0 | BC27: =AZ27+2*BB27 -> 5.98 | BD27: =IF(BC27="","", IF(BC27=0,0,$BD$9)) -> 0 | BE27: =IF(BC27="","", IF(BC27=0,0,$BE$9)) -> 0 | BF27: =IF(BC27="","", IF($BD$9=0,0, IF(BC27<=13,20, IF(AND(BC27>13,BC27<=18),30, IF(AND(BC27>18,BC27<=23),40, IF(AND(BC27>23,BC27<=30),50, 60)))))) -> 0 | BG27: =IF(BC27="","",$BG$9) -> 0 | BH27: =IF(BC27="","",BC27+2*BD27*BE27*IF(BG27<=25,1,IF(BG27>33,2,1.5))) -> 5.98 | BI27: =IF(BC27="","",$BI$9) -> 0 | BJ27: =IF(BC27="","",$BJ$9) -> 0 | BK27: =IF(BJ27="","",IF(BJ27<>0,"×",0)) -> 0 | BL27: =IF(BK27="","", IF(BJ27<>0, IF(AND(BC27>7,BC27<=10),15, IF(AND(BC27>10,BC27<=13),20, IF(AND(BC27>13,BC27<=21),30, IF(AND(BC27>21,BC27<=31),40, IF(AND(BC27>31,BC27<=70),50, IF(AND(BC27>70,BC27<=80),60, "ошибка")))))),0)) -> 0 | BM27: =IF(BL27="","",$BM$9) -> 0 | BN27: =IF(BH27="","",BH27+2*BI27*BJ27) -> 5.98 | BO27: =IF(BN27="","",$BO$9) -> 0 | BP27: =IF(BO27="","",IF(BO27>0,$BP$9,0)) -> 0 | BQ27: =IF(BP27="","",IF(BP27>0,"×","")) | BR27: =IF(BN27="","",IF(BO27=0,0,IF(BN27<=19,30,IF(AND(BN27>19,BN27<=23),40,50)))) -> 0 | BS27: =IF(BO27="","",IF(BO27=0,0,$BS$9)) -> 0 | BT27: =IF(BN27="","",BN27+2*BO27*BP27*IF(BS27<=25,1,IF(BS27>33,2,1.5))) -> 5.98 | BU27: =0.85*BV27-0.1 -> 0.92 | BV27: =IF(BT27="","", IF(AND(BT27>'Данные ТНПА'!$K$8,BT27<='Данные ТНПА'!$L$8),'Данные ТНПА'!$N$8, IF(AND(BT27>'Данные ТНПА'!$K$9,BT27<='Данные ТНПА'!$L$9),'Данные ТНПА'!$N$9, IF(AND(BT27>'Данные ТНПА'!$K$10,BT27<='Данные ТНПА'!$L$10),'Данные ТНПА'!$N$10, IF(AND(BT27>'Данные ТНПА'!$K$11,BT27<='Данные ТНПА'!$L$11),'Данные ТНПА'!$N$11, IF(AND(BT27>'Данные ТНПА'!$K$12,BT27<='Данные ТНПА'!$L$12),'Данные ТНПА'!$N$12, IF(AND(BT27>'Данные ТНПА'!$K$13,BT27<='Данные ТНПА'!$L$13),'Данные ТНПА'!$N$13, IF(AND(BT27>'Данные ТНПА'!$K$14,BT27<='Данные ТНПА'!$L$14),'Данные ТНПА'!$N$14)))))))) -> 1.2 | BW27: =BT27+2*BV27 -> 8.38 | BX27: =IF(C27="а",F27*$BX$9*D27*IF(D27>1,1.007,1),0) -> 0 | BY27: =IF(C27="а",0,F27*$BY$9*D27*IF(D27>1,1.007,1)) -> 44.76115 | BZ27: =IF(G27="мс",PI()*(P27/PI()+R27)*R27*$BZ$9*1.13*D27*1.007, PI()*(IF(I27=1,K27,L27)+R27)*R27*$BZ$9*D27*IF(D27>1,1.007,1)*IF(I27=1,1,(IF(F27>=4,1.1,1.07)))) -> 12.158032 | CA27: =PI()*POWER(Y27,2)/4*$CA$9 -> #REF! | CB27: =IF(AA27="","", IF(AA27=2,SQRT((Z27*PI()/50)^2+1)*$CB$9*AA27,0)) -> 0 | CC27: =PI()*(Z27+AC27*AD27)*AC27*AD27*$CC$9*ROUND(100/(100-AG27),2) -> 0 | CD27: =PI()*(AH27+AI27*AJ27)*AI27*AJ27*$CD$9*ROUND(100/(100-AM27),2) -> 0 | CE27: =PI()*(AN27+AO27*AP27)*AO27*AP27*$CE$9*ROUND(100/(100-AS27),2) -> 0 | CF27: =PI()*(AT27+AU27*AV27)*AU27*AV27*$CF$9*ROUND(100/(100-AY27),2) -> 0 | CG27: =IF(CB27="","", IF(BB27=0,0, IF(AND(G27="мс",AC27=0),(PI()*BC27^2/4-D27*(O27+PI()*(P27/PI()+R27)*R27)-((POWER((N27+R27),2)*(D27*TAN(PI()*((D27-2)/(2*D27)))-(PI()*(D27-2)/2)))))*$CG$9, IF(AND(D27>1,OR(G27="ок",G27="мк")),(PI()*BC27^2/4-PI()*V27^2*(D27+2)/8-D27*(SIN(PI()*(D27-2)/D27))/2*(AB27/2-V27/2)^2)*$CG$9, PI()*(AB27+BB27)*BB27*1.07*$CG$9)))) -> 0 | CH27: =IF(BE27="","", IF(BD27=0,0, PI()*(BC27+BD27*BE27)*BD27*BE27*$CH$9*ROUND(100/(100-BG27),2))) -> 0 | CI27: =IF(BH27="","", PI()*(BH27+BI27*BJ27)*BI27*BJ27*$CI$9*ROUND(100/(100+BM27),2)) -> 0 | CJ27: =IF(BO27="","",PI()*(BN27+BO27*BP27)*BO27*BP27*$CJ$9*ROUND(100/(100-BS27),2)) -> 0 | CK27: =PI()*(BT27+BV27)*BV27*IF($BI$9>0,1.1,1.04)*$CK$9 -> 39.410953 | CL27: =BX27+BY27+BZ27+CK27 -> 96.330135
A28: =IF(D28="",CONCATENATE("Кабель ",IF(C28="а","А",""),$A$9),CONCATENATE("Кабель ",IF(C28="а","А",""),$A$9," ",D28,"*",F28,IF(G28="ок"," (ож)","")," - ",B28," ",IF(G28="мс"," фас. ",""),$A$2)) -> Кабель ВВГ 2*4 (ож) - 0,66 ГОСТ 16442-80 | B28: 0.66 | D28: 2 | E28: × | F28: 4 | G28: ок | H28: 2.26 | I28: 1 | J28: × | K28: =ROUNDUP(SQRT(F28/PI()*4),2) -> 2.26 | L28: 4.79 | Q28: =0.9*R28-0.1 -> 0.53 | R28: =IF(B28=0.66,VLOOKUP(F28,'Данные ТНПА'!$B$8:$C$16,2,0), IF(B28=1,VLOOKUP(F28,'Данные ТНПА'!$B$17:$C$37,2,0),"ошибка")) -> 0.7 | S28: =IF(I28=1,K28+2*Q28,L28+2*Q28) -> 3.32 | V28: =IF(I28=1,K28+2*R28,L28+2*R28) -> 3.66 | Y28: =IF(V28="","",ROUND(V28*IF(AND(D28=4,F28>16),0.414,IF(D28=5,0.702,0)),1)) -> 0 | Z28: =IF(R28="","", IF(G28="мс",2*(V28+(N28+R28)*(1/COS(PI()*(D28-2)/(2*D28))-1)), IF(D28=1,V28*1,IF(D28=2,V28*2,IF(D28=3,V28*2.15,IF(D28=4,V28*2.41,IF(D28=5,V28*2.7,"ошибка"))))))) -> 7.32 | AA28: =IF(G28="","",IF(G28="мс",$AA$9,0)) -> 0 | AB28: =IF(Z28="","",Z28) -> 7.32 | AC28: =IF(G28="","",IF(G28="мс",$AC$9,0)) -> 0 | AD28: =IF(AC28="","",IF(AC28>0,IF(AND(Z28>=10,Z28<=20),0.035,IF(Z28>20,0.05,"ошибка")),0)) -> 0 | AE28: =IF(Z28="","",IF(AND(G28="мс",AC28>0),"×","")) | AF28: =IF(AC28="","",IF(AC28>0,IF(AND(Z28>=10,Z28<=20),50,IF(Z28>20,60,"ошибка")),0)) -> 0 | AG28: =IF(AC28="","",IF(AC28>0,IF(AND(Z28>=10,Z28<=13),40,IF(AND(Z28>=13,Z28<=16),30,IF(Z28>16,25,"ошибка"))),0)) -> 0 | AH28: =IF(Z28="","",IF(AND(G28="мс",AC28>0),Z28+2*AC28*AD28*IF(AG28<=25,1,IF(AG28>33,2,1.5)),Z28)) -> 7.32 | AI28: =IF(OR($AI$9=0,AH28<=10,D28=1,AND(D28>1,F28<=10,OR(G28="ок",G28="мк"))),0,1) -> 0 | AJ28: =IF(AI28=0,0,$AJ$9) -> 0 | AK28: =IF(AI28="","",IF(AI28=0,0,"×")) -> 0 | AL28: =IF(AI28=0,0,$AL$9) -> 0 | AM28: =IF(AI28=0,0, IF(AND(AH28>10,AH28<=13),55, IF(AND(AH28>13,AH28<=15),45, IF(AND(AH28>15,AH28<=18),35, IF(AND(AH28>18,AH28<=20),30, IF(AH28>20,15, 0)))))) -> 0 | AN28: =AH28+2*AI28*AJ28*(IF(AM28<25,1,IF(AM28>33,2,1.5))) -> 7.32 | AO28: =IF(OR(AI28=0,AN28<=10,AN28>23,AND(D28>1,F28<=10,OR(G28="ок",G28="мк"))),0,1) -> 0 | AP28: =IF(OR(AO28=0,AN28>23),0,$AP$9) -> 0 | AQ28: =IF(OR(AN28>23,AO28=0),0,"×") -> 0 | AR28: =IF(OR(AN28>23,AO28=0),0,$AR$9) -> 0 | AS28: =IF(AO28=0,0, IF(AND(AH28>10,AH28<=13),55, IF(AND(AH28>13,AH28<=15),45, IF(AND(AH28>15,AH28<=18),35, IF(AND(AH28>18,AH28<=20),30, IF(AND(AH28>20,AH28<=23),15, 0)))))) -> 0 | AT28: =AN28+2*AO28*AP28*(IF(AS28<25,1,IF(AS28>33,2,1.5))) -> 7.32 | AU28: =IF(OR(AI28=0,D28=1,AN28<=23),0,1) -> 0 | AV28: =IF(OR(AU28=0,AN28<=23),0,$AV$9) -> 0 | AW28: =IF(OR(AN28<=23,AU28=0),0,"×") -> 0 | AX28: =IF(OR(AN28<=23,AU28=0),0,$AX$9) -> 0 | AY28: =IF(AU28=0,0,15) -> 0 | AZ28: =AT28+2*AU28*AV28*(IF(AY28<25,1,IF(AY28>33,2,1.5))) -> 7.32 | BA28: =IF(BB28=0,0, IF(D28=1, (IF(AND(AH28>'Данные ТНПА'!#REF!,AH28<='Данные ТНПА'!#REF!),'Данные ТНПА'!#REF!, IF(AND(AH28>'Данные ТНПА'!#REF!,AH28<='Данные ТНПА'!#REF!),'Данные ТНПА'!#REF!, IF(AND(AH28>'Данные ТНПА'!#REF!,AH28<='Данные ТНПА'!#REF!),'Данные ТНПА'!#REF!, IF(AND(AH28>'Данные ТНПА'!#REF!,AH28<='Данные ТНПА'!#REF!),'Данные ТНПА'!#REF!, IF(AND(AH28>'Данные ТНПА'!#REF!,AH28<='Данные ТНПА'!#REF!),'Данные ТНПА'!#REF!, IF(AND(AH28>'Данные ТНПА'!#REF!,AH28<='Данные ТНПА'!#REF!),'Данные ТНПА'!#REF!, "ошибка_1"))))))), IF(AND(AH28>'Данные ТНПА'!#REF!,AH28<='Данные ТНПА'!#REF!),'Данные ТНПА'!#REF!, IF(AND(AH28>'Данные ТНПА'!#REF!,AH28<='Данные ТНПА'!#REF!),'Данные ТНПА'!#REF!, IF(AND(AH28>'Данные ТНПА'!#REF!,AH28<='Данные ТНПА'!#REF!),'Данные ТНПА'!#REF!, IF(AND(AH28>'Данные ТНПА'!#REF!,AH28<='Данные ТНПА'!#REF!),'Данные ТНПА'!#REF!, IF(AND(AH28>'Данные ТНПА'!#REF!,AH28<='Данные ТНПА'!#REF!),'Данные ТНПА'!#REF!, IF(AND(AH28>'Данные ТНПА'!#REF!,AH28<='Данные ТНПА'!#REF!),'Данные ТНПА'!#REF!, "ошибка_2")))))))) -> 0 | BB28: =IF(OR($AI$9=0,AND(D28>1,F28>10)),0, IF(D28=1, (IF(AND(AH28>'Данные ТНПА'!#REF!,AH28<='Данные ТНПА'!#REF!),'Данные ТНПА'!#REF!, IF(AND(AH28>'Данные ТНПА'!#REF!,AH28<='Данные ТНПА'!#REF!),'Данные ТНПА'!#REF!, IF(AND(AH28>'Данные ТНПА'!#REF!,AH28<='Данные ТНПА'!#REF!),'Данные ТНПА'!#REF!, IF(AND(AH28>'Данные ТНПА'!#REF!,AH28<='Данные ТНПА'!#REF!),'Данные ТНПА'!#REF!, IF(AND(AH28>'Данные ТНПА'!#REF!,AH28<='Данные ТНПА'!#REF!),'Данные ТНПА'!#REF!, IF(AND(AH28>'Данные ТНПА'!#REF!,AH28<='Данные ТНПА'!#REF!),'Данные ТНПА'!#REF!, "ошибка_1"))))))), IF(AND(AH28>'Данные ТНПА'!#REF!,AH28<='Данные ТНПА'!#REF!),'Данные ТНПА'!#REF!, IF(AND(AH28>'Данные ТНПА'!#REF!,AH28<='Данные ТНПА'!#REF!),'Данные ТНПА'!#REF!, IF(AND(AH28>'Данные ТНПА'!#REF!,AH28<='Данные ТНПА'!#REF!),'Данные ТНПА'!#REF!, IF(AND(AH28>'Данные ТНПА'!#REF!,AH28<='Данные ТНПА'!#REF!),'Данные ТНПА'!#REF!, IF(AND(AH28>'Данные ТНПА'!#REF!,AH28<='Данные ТНПА'!#REF!),'Данные ТНПА'!#REF!, IF(AND(AH28>'Данные ТНПА'!#REF!,AH28<='Данные ТНПА'!#REF!),'Данные ТНПА'!#REF!, "ошибка_2")))))))) -> 0 | BC28: =AZ28+2*BB28 -> 7.32 | BD28: =IF(BC28="","", IF(BC28=0,0,$BD$9)) -> 0 | BE28: =IF(BC28="","", IF(BC28=0,0,$BE$9)) -> 0 | BF28: =IF(BC28="","", IF($BD$9=0,0, IF(BC28<=13,20, IF(AND(BC28>13,BC28<=18),30, IF(AND(BC28>18,BC28<=23),40, IF(AND(BC28>23,BC28<=30),50, 60)))))) -> 0 | BG28: =IF(BC28="","",$BG$9) -> 0 | BH28: =IF(BC28="","",BC28+2*BD28*BE28*IF(BG28<=25,1,IF(BG28>33,2,1.5))) -> 7.32 | BI28: =IF(BC28="","",$BI$9) -> 0 | BJ28: =IF(BC28="","",$BJ$9) -> 0 | BK28: =IF(BJ28="","",IF(BJ28<>0,"×",0)) -> 0 | BL28: =IF(BK28="","", IF(BJ28<>0, IF(AND(BC28>7,BC28<=10),15, IF(AND(BC28>10,BC28<=13),20, IF(AND(BC28>13,BC28<=21),30, IF(AND(BC28>21,BC28<=31),40, IF(AND(BC28>31,BC28<=70),50, IF(AND(BC28>70,BC28<=80),60, "ошибка")))))),0)) -> 0 | BM28: =IF(BL28="","",$BM$9) -> 0 | BN28: =IF(BH28="","",BH28+2*BI28*BJ28) -> 7.32 | BO28: =IF(BN28="","",$BO$9) -> 0 | BP28: =IF(BO28="","",IF(BO28>0,$BP$9,0)) -> 0 | BQ28: =IF(BP28="","",IF(BP28>0,"×","")) | BR28: =IF(BN28="","",IF(BO28=0,0,IF(BN28<=19,30,IF(AND(BN28>19,BN28<=23),40,50)))) -> 0 | BS28: =IF(BO28="","",IF(BO28=0,0,$BS$9)) -> 0 | BT28: =IF(BN28="","",BN28+2*BO28*BP28*IF(BS28<=25,1,IF(BS28>33,2,1.5))) -> 7.32 | BU28: =0.85*BV28-0.1 -> 1.175 | BV28: =IF(BT28="","", IF(AND(BT28>'Данные ТНПА'!$K$8,BT28<='Данные ТНПА'!$L$8),'Данные ТНПА'!$N$8, IF(AND(BT28>'Данные ТНПА'!$K$9,BT28<='Данные ТНПА'!$L$9),'Данные ТНПА'!$N$9, IF(AND(BT28>'Данные ТНПА'!$K$10,BT28<='Данные ТНПА'!$L$10),'Данные ТНПА'!$N$10, IF(AND(BT28>'Данные ТНПА'!$K$11,BT28<='Данные ТНПА'!$L$11),'Данные ТНПА'!$N$11, IF(AND(BT28>'Данные ТНПА'!$K$12,BT28<='Данные ТНПА'!$L$12),'Данные ТНПА'!$N$12, IF(AND(BT28>'Данные ТНПА'!$K$13,BT28<='Данные ТНПА'!$L$13),'Данные ТНПА'!$N$13, IF(AND(BT28>'Данные ТНПА'!$K$14,BT28<='Данные ТНПА'!$L$14),'Данные ТНПА'!$N$14)))))))) -> 1.5 | BW28: =BT28+2*BV28 -> 10.32 | BX28: =IF(C28="а",F28*$BX$9*D28*IF(D28>1,1.007,1),0) -> 0 | BY28: =IF(C28="а",0,F28*$BY$9*D28*IF(D28>1,1.007,1)) -> 71.61784 | BZ28: =IF(G28="мс",PI()*(P28/PI()+R28)*R28*$BZ$9*1.13*D28*1.007, PI()*(IF(I28=1,K28,L28)+R28)*R28*$BZ$9*D28*IF(D28>1,1.007,1)*IF(I28=1,1,(IF(F28>=4,1.1,1.07)))) -> 17.567254 | CA28: =PI()*POWER(Y28,2)/4*$CA$9 -> #REF! | CB28: =IF(AA28="","", IF(AA28=2,SQRT((Z28*PI()/50)^2+1)*$CB$9*AA28,0)) -> 0 | CC28: =PI()*(Z28+AC28*AD28)*AC28*AD28*$CC$9*ROUND(100/(100-AG28),2) -> 0 | CD28: =PI()*(AH28+AI28*AJ28)*AI28*AJ28*$CD$9*ROUND(100/(100-AM28),2) -> 0 | CE28: =PI()*(AN28+AO28*AP28)*AO28*AP28*$CE$9*ROUND(100/(100-AS28),2) -> 0 | CF28: =PI()*(AT28+AU28*AV28)*AU28*AV28*$CF$9*ROUND(100/(100-AY28),2) -> 0 | CG28: =IF(CB28="","", IF(BB28=0,0, IF(AND(G28="мс",AC28=0),(PI()*BC28^2/4-D28*(O28+PI()*(P28/PI()+R28)*R28)-((POWER((N28+R28),2)*(D28*TAN(PI()*((D28-2)/(2*D28)))-(PI()*(D28-2)/2)))))*$CG$9, IF(AND(D28>1,OR(G28="ок",G28="мк")),(PI()*BC28^2/4-PI()*V28^2*(D28+2)/8-D28*(SIN(PI()*(D28-2)/D28))/2*(AB28/2-V28/2)^2)*$CG$9, PI()*(AB28+BB28)*BB28*1.07*$CG$9)))) -> 0 | CH28: =IF(BE28="","", IF(BD28=0,0, PI()*(BC28+BD28*BE28)*BD28*BE28*$CH$9*ROUND(100/(100-BG28),2))) -> 0 | CI28: =IF(BH28="","", PI()*(BH28+BI28*BJ28)*BI28*BJ28*$CI$9*ROUND(100/(100+BM28),2)) -> 0 | CJ28: =IF(BO28="","",PI()*(BN28+BO28*BP28)*BO28*BP28*$CJ$9*ROUND(100/(100-BS28),2)) -> 0 | CK28: =PI()*(BT28+BV28)*BV28*IF($BI$9>0,1.1,1.04)*$CK$9 -> 60.516122 | CL28: =BX28+BY28+BZ28+CK28 -> 149.70122
A29: =IF(D29="",CONCATENATE("Кабель ",IF(C29="а","А",""),$A$9),CONCATENATE("Кабель ",IF(C29="а","А",""),$A$9," ",D29,"*",F29,IF(G29="ок"," (ож)","")," - ",B29," ",IF(G29="мс"," фас. ",""),$A$2)) -> Кабель ВВГ 2*6 (ож) - 0,66 ГОСТ 16442-80 | B29: 0.66 | D29: 2 | E29: × | F29: 6 | G29: ок | H29: 2.77 | I29: 1 | J29: × | K29: =ROUNDUP(SQRT(F29/PI()*4),2) -> 2.77 | L29: 5.65 | Q29: =0.9*R29-0.1 -> 0.53 | R29: =IF(B29=0.66,VLOOKUP(F29,'Данные ТНПА'!$B$8:$C$16,2,0), IF(B29=1,VLOOKUP(F29,'Данные ТНПА'!$B$17:$C$37,2,0),"ошибка")) -> 0.7 | S29: =IF(I29=1,K29+2*Q29,L29+2*Q29) -> 3.83 | V29: =IF(I29=1,K29+2*R29,L29+2*R29) -> 4.17 | Y29: =IF(V29="","",ROUND(V29*IF(AND(D29=4,F29>16),0.414,IF(D29=5,0.702,0)),1)) -> 0 | Z29: =IF(R29="","", IF(G29="мс",2*(V29+(N29+R29)*(1/COS(PI()*(D29-2)/(2*D29))-1)), IF(D29=1,V29*1,IF(D29=2,V29*2,IF(D29=3,V29*2.15,IF(D29=4,V29*2.41,IF(D29=5,V29*2.7,"ошибка"))))))) -> 8.34 | AA29: =IF(G29="","",IF(G29="мс",$AA$9,0)) -> 0 | AB29: =IF(Z29="","",Z29) -> 8.34 | AC29: =IF(G29="","",IF(G29="мс",$AC$9,0)) -> 0 | AD29: =IF(AC29="","",IF(AC29>0,IF(AND(Z29>=10,Z29<=20),0.035,IF(Z29>20,0.05,"ошибка")),0)) -> 0 | AE29: =IF(Z29="","",IF(AND(G29="мс",AC29>0),"×","")) | AF29: =IF(AC29="","",IF(AC29>0,IF(AND(Z29>=10,Z29<=20),50,IF(Z29>20,60,"ошибка")),0)) -> 0 | AG29: =IF(AC29="","",IF(AC29>0,IF(AND(Z29>=10,Z29<=13),40,IF(AND(Z29>=13,Z29<=16),30,IF(Z29>16,25,"ошибка"))),0)) -> 0 | AH29: =IF(Z29="","",IF(AND(G29="мс",AC29>0),Z29+2*AC29*AD29*IF(AG29<=25,1,IF(AG29>33,2,1.5)),Z29)) -> 8.34 | AI29: =IF(OR($AI$9=0,AH29<=10,D29=1,AND(D29>1,F29<=10,OR(G29="ок",G29="мк"))),0,1) -> 0 | AJ29: =IF(AI29=0,0,$AJ$9) -> 0 | AK29: =IF(AI29="","",IF(AI29=0,0,"×")) -> 0 | AL29: =IF(AI29=0,0,$AL$9) -> 0 | AM29: =IF(AI29=0,0, IF(AND(AH29>10,AH29<=13),55, IF(AND(AH29>13,AH29<=15),45, IF(AND(AH29>15,AH29<=18),35, IF(AND(AH29>18,AH29<=20),30, IF(AH29>20,15, 0)))))) -> 0 | AN29: =AH29+2*AI29*AJ29*(IF(AM29<25,1,IF(AM29>33,2,1.5))) -> 8.34 | AO29: =IF(OR(AI29=0,AN29<=10,AN29>23,AND(D29>1,F29<=10,OR(G29="ок",G29="мк"))),0,1) -> 0 | AP29: =IF(OR(AO29=0,AN29>23),0,$AP$9) -> 0 | AQ29: =IF(OR(AN29>23,AO29=0),0,"×") -> 0 | AR29: =IF(OR(AN29>23,AO29=0),0,$AR$9) -> 0 | AS29: =IF(AO29=0,0, IF(AND(AH29>10,AH29<=13),55, IF(AND(AH29>13,AH29<=15),45, IF(AND(AH29>15,AH29<=18),35, IF(AND(AH29>18,AH29<=20),30, IF(AND(AH29>20,AH29<=23),15, 0)))))) -> 0 | AT29: =AN29+2*AO29*AP29*(IF(AS29<25,1,IF(AS29>33,2,1.5))) -> 8.34 | AU29: =IF(OR(AI29=0,D29=1,AN29<=23),0,1) -> 0 | AV29: =IF(OR(AU29=0,AN29<=23),0,$AV$9) -> 0 | AW29: =IF(OR(AN29<=23,AU29=0),0,"×") -> 0 | AX29: =IF(OR(AN29<=23,AU29=0),0,$AX$9) -> 0 | AY29: =IF(AU29=0,0,15) -> 0 | AZ29: =AT29+2*AU29*AV29*(IF(AY29<25,1,IF(AY29>33,2,1.5))) -> 8.34 | BA29: =IF(BB29=0,0, IF(D29=1, (IF(AND(AH29>'Данные ТНПА'!#REF!,AH29<='Данные ТНПА'!#REF!),'Данные ТНПА'!#REF!, IF(AND(AH29>'Данные ТНПА'!#REF!,AH29<='Данные ТНПА'!#REF!),'Данные ТНПА'!#REF!, IF(AND(AH29>'Данные ТНПА'!#REF!,AH29<='Данные ТНПА'!#REF!),'Данные ТНПА'!#REF!, IF(AND(AH29>'Данные ТНПА'!#REF!,AH29<='Данные ТНПА'!#REF!),'Данные ТНПА'!#REF!, IF(AND(AH29>'Данные ТНПА'!#REF!,AH29<='Данные ТНПА'!#REF!),'Данные ТНПА'!#REF!, IF(AND(AH29>'Данные ТНПА'!#REF!,AH29<='Данные ТНПА'!#REF!),'Данные ТНПА'!#REF!, "ошибка_1"))))))), IF(AND(AH29>'Данные ТНПА'!#REF!,AH29<='Данные ТНПА'!#REF!),'Данные ТНПА'!#REF!, IF(AND(AH29>'Данные ТНПА'!#REF!,AH29<='Данные ТНПА'!#REF!),'Данные ТНПА'!#REF!, IF(AND(AH29>'Данные ТНПА'!#REF!,AH29<='Данные ТНПА'!#REF!),'Данные ТНПА'!#REF!, IF(AND(AH29>'Данные ТНПА'!#REF!,AH29<='Данные ТНПА'!#REF!),'Данные ТНПА'!#REF!, IF(AND(AH29>'Данные ТНПА'!#REF!,AH29<='Данные ТНПА'!#REF!),'Данные ТНПА'!#REF!, IF(AND(AH29>'Данные ТНПА'!#REF!,AH29<='Данные ТНПА'!#REF!),'Данные ТНПА'!#REF!, "ошибка_2")))))))) -> 0 | BB29: =IF(OR($AI$9=0,AND(D29>1,F29>10)),0, IF(D29=1, (IF(AND(AH29>'Данные ТНПА'!#REF!,AH29<='Данные ТНПА'!#REF!),'Данные ТНПА'!#REF!, IF(AND(AH29>'Данные ТНПА'!#REF!,AH29<='Данные ТНПА'!#REF!),'Данные ТНПА'!#REF!, IF(AND(AH29>'Данные ТНПА'!#REF!,AH29<='Данные ТНПА'!#REF!),'Данные ТНПА'!#REF!, IF(AND(AH29>'Данные ТНПА'!#REF!,AH29<='Данные ТНПА'!#REF!),'Данные ТНПА'!#REF!, IF(AND(AH29>'Данные ТНПА'!#REF!,AH29<='Данные ТНПА'!#REF!),'Данные ТНПА'!#REF!, IF(AND(AH29>'Данные ТНПА'!#REF!,AH29<='Данные ТНПА'!#REF!),'Данные ТНПА'!#REF!, "ошибка_1"))))))), IF(AND(AH29>'Данные ТНПА'!#REF!,AH29<='Данные ТНПА'!#REF!),'Данные ТНПА'!#REF!, IF(AND(AH29>'Данные ТНПА'!#REF!,AH29<='Данные ТНПА'!#REF!),'Данные ТНПА'!#REF!, IF(AND(AH29>'Данные ТНПА'!#REF!,AH29<='Данные ТНПА'!#REF!),'Данные ТНПА'!#REF!, IF(AND(AH29>'Данные ТНПА'!#REF!,AH29<='Данные ТНПА'!#REF!),'Данные ТНПА'!#REF!, IF(AND(AH29>'Данные ТНПА'!#REF!,AH29<='Данные ТНПА'!#REF!),'Данные ТНПА'!#REF!, IF(AND(AH29>'Данные ТНПА'!#REF!,AH29<='Данные ТНПА'!#REF!),'Данные ТНПА'!#REF!, "ошибка_2")))))))) -> 0 | BC29: =AZ29+2*BB29 -> 8.34 | BD29: =IF(BC29="","", IF(BC29=0,0,$BD$9)) -> 0 | BE29: =IF(BC29="","", IF(BC29=0,0,$BE$9)) -> 0 | BF29: =IF(BC29="","", IF($BD$9=0,0, IF(BC29<=13,20, IF(AND(BC29>13,BC29<=18),30, IF(AND(BC29>18,BC29<=23),40, IF(AND(BC29>23,BC29<=30),50, 60)))))) -> 0 | BG29: =IF(BC29="","",$BG$9) -> 0 | BH29: =IF(BC29="","",BC29+2*BD29*BE29*IF(BG29<=25,1,IF(BG29>33,2,1.5))) -> 8.34 | BI29: =IF(BC29="","",$BI$9) -> 0 | BJ29: =IF(BC29="","",$BJ$9) -> 0 | BK29: =IF(BJ29="","",IF(BJ29<>0,"×",0)) -> 0 | BL29: =IF(BK29="","", IF(BJ29<>0, IF(AND(BC29>7,BC29<=10),15, IF(AND(BC29>10,BC29<=13),20, IF(AND(BC29>13,BC29<=21),30, IF(AND(BC29>21,BC29<=31),40, IF(AND(BC29>31,BC29<=70),50, IF(AND(BC29>70,BC29<=80),60, "ошибка")))))),0)) -> 0 | BM29: =IF(BL29="","",$BM$9) -> 0 | BN29: =IF(BH29="","",BH29+2*BI29*BJ29) -> 8.34 | BO29: =IF(BN29="","",$BO$9) -> 0 | BP29: =IF(BO29="","",IF(BO29>0,$BP$9,0)) -> 0 | BQ29: =IF(BP29="","",IF(BP29>0,"×","")) | BR29: =IF(BN29="","",IF(BO29=0,0,IF(BN29<=19,30,IF(AND(BN29>19,BN29<=23),40,50)))) -> 0 | BS29: =IF(BO29="","",IF(BO29=0,0,$BS$9)) -> 0 | BT29: =IF(BN29="","",BN29+2*BO29*BP29*IF(BS29<=25,1,IF(BS29>33,2,1.5))) -> 8.34 | BU29: =0.85*BV29-0.1 -> 1.175 | BV29: =IF(BT29="","", IF(AND(BT29>'Данные ТНПА'!$K$8,BT29<='Данные ТНПА'!$L$8),'Данные ТНПА'!$N$8, IF(AND(BT29>'Данные ТНПА'!$K$9,BT29<='Данные ТНПА'!$L$9),'Данные ТНПА'!$N$9, IF(AND(BT29>'Данные ТНПА'!$K$10,BT29<='Данные ТНПА'!$L$10),'Данные ТНПА'!$N$10, IF(AND(BT29>'Данные ТНПА'!$K$11,BT29<='Данные ТНПА'!$L$11),'Данные ТНПА'!$N$11, IF(AND(BT29>'Данные ТНПА'!$K$12,BT29<='Данные ТНПА'!$L$12),'Данные ТНПА'!$N$12, IF(AND(BT29>'Данные ТНПА'!$K$13,BT29<='Данные ТНПА'!$L$13),'Данные ТНПА'!$N$13, IF(AND(BT29>'Данные ТНПА'!$K$14,BT29<='Данные ТНПА'!$L$14),'Данные ТНПА'!$N$14)))))))) -> 1.5 | BW29: =BT29+2*BV29 -> 11.34 | BX29: =IF(C29="а",F29*$BX$9*D29*IF(D29>1,1.007,1),0) -> 0 | BY29: =IF(C29="а",0,F29*$BY$9*D29*IF(D29>1,1.007,1)) -> 107.42676 | BZ29: =IF(G29="мс",PI()*(P29/PI()+R29)*R29*$BZ$9*1.13*D29*1.007, PI()*(IF(I29=1,K29,L29)+R29)*R29*$BZ$9*D29*IF(D29>1,1.007,1)*IF(I29=1,1,(IF(F29>=4,1.1,1.07)))) -> 20.594045 | CA29: =PI()*POWER(Y29,2)/4*$CA$9 -> #REF! | CB29: =IF(AA29="","", IF(AA29=2,SQRT((Z29*PI()/50)^2+1)*$CB$9*AA29,0)) -> 0 | CC29: =PI()*(Z29+AC29*AD29)*AC29*AD29*$CC$9*ROUND(100/(100-AG29),2) -> 0 | CD29: =PI()*(AH29+AI29*AJ29)*AI29*AJ29*$CD$9*ROUND(100/(100-AM29),2) -> 0 | CE29: =PI()*(AN29+AO29*AP29)*AO29*AP29*$CE$9*ROUND(100/(100-AS29),2) -> 0 | CF29: =PI()*(AT29+AU29*AV29)*AU29*AV29*$CF$9*ROUND(100/(100-AY29),2) -> 0 | CG29: =IF(CB29="","", IF(BB29=0,0, IF(AND(G29="мс",AC29=0),(PI()*BC29^2/4-D29*(O29+PI()*(P29/PI()+R29)*R29)-((POWER((N29+R29),2)*(D29*TAN(PI()*((D29-2)/(2*D29)))-(PI()*(D29-2)/2)))))*$CG$9, IF(AND(D29>1,OR(G29="ок",G29="мк")),(PI()*BC29^2/4-PI()*V29^2*(D29+2)/8-D29*(SIN(PI()*(D29-2)/D29))/2*(AB29/2-V29/2)^2)*$CG$9, PI()*(AB29+BB29)*BB29*1.07*$CG$9)))) -> 0 | CH29: =IF(BE29="","", IF(BD29=0,0, PI()*(BC29+BD29*BE29)*BD29*BE29*$CH$9*ROUND(100/(100-BG29),2))) -> 0 | CI29: =IF(BH29="","", PI()*(BH29+BI29*BJ29)*BI29*BJ29*$CI$9*ROUND(100/(100+BM29),2)) -> 0 | CJ29: =IF(BO29="","",PI()*(BN29+BO29*BP29)*BO29*BP29*$CJ$9*ROUND(100/(100-BS29),2)) -> 0 | CK29: =PI()*(BT29+BV29)*BV29*IF($BI$9>0,1.1,1.04)*$CK$9 -> 67.514585 | CL29: =BX29+BY29+BZ29+CK29 -> 195.53539
A30: =IF(D30="",CONCATENATE("Кабель ",IF(C30="а","А",""),$A$9),CONCATENATE("Кабель ",IF(C30="а","А",""),$A$9," ",D30,"*",F30,IF(G30="ок"," (ож)","")," - ",B30," ",IF(G30="мс"," фас. ",""),$A$2)) -> Кабель ВВГ 2*10 (ож) - 0,66 ГОСТ 16442-80 | B30: 0.66 | D30: 2 | E30: × | F30: 10 | G30: ок | H30: 3.57 | I30: 1 | J30: × | K30: =ROUNDUP(SQRT(F30/PI()*4),2) -> 3.57 | L30: 5.99 | Q30: =0.9*R30-0.1 -> 0.71 | R30: =IF(B30=0.66,VLOOKUP(F30,'Данные ТНПА'!$B$8:$C$16,2,0), IF(B30=1,VLOOKUP(F30,'Данные ТНПА'!$B$17:$C$37,2,0),"ошибка")) -> 0.9 | S30: =IF(I30=1,K30+2*Q30,L30+2*Q30) -> 4.99 | V30: =IF(I30=1,K30+2*R30,L30+2*R30) -> 5.37 | Y30: =IF(V30="","",ROUND(V30*IF(AND(D30=4,F30>16),0.414,IF(D30=5,0.702,0)),1)) -> 0 | Z30: =IF(R30="","", IF(G30="мс",2*(V30+(N30+R30)*(1/COS(PI()*(D30-2)/(2*D30))-1)), IF(D30=1,V30*1,IF(D30=2,V30*2,IF(D30=3,V30*2.15,IF(D30=4,V30*2.41,IF(D30=5,V30*2.7,"ошибка"))))))) -> 10.74 | AA30: =IF(G30="","",IF(G30="мс",$AA$9,0)) -> 0 | AB30: =IF(Z30="","",Z30) -> 10.74 | AC30: =IF(G30="","",IF(G30="мс",$AC$9,0)) -> 0 | AD30: =IF(AC30="","",IF(AC30>0,IF(AND(Z30>=10,Z30<=20),0.035,IF(Z30>20,0.05,"ошибка")),0)) -> 0 | AE30: =IF(Z30="","",IF(AND(G30="мс",AC30>0),"×","")) | AF30: =IF(AC30="","",IF(AC30>0,IF(AND(Z30>=10,Z30<=20),50,IF(Z30>20,60,"ошибка")),0)) -> 0 | AG30: =IF(AC30="","",IF(AC30>0,IF(AND(Z30>=10,Z30<=13),40,IF(AND(Z30>=13,Z30<=16),30,IF(Z30>16,25,"ошибка"))),0)) -> 0 | AH30: =IF(Z30="","",IF(AND(G30="мс",AC30>0),Z30+2*AC30*AD30*IF(AG30<=25,1,IF(AG30>33,2,1.5)),Z30)) -> 10.74 | AI30: =IF(OR($AI$9=0,AH30<=10,D30=1,AND(D30>1,F30<=10,OR(G30="ок",G30="мк"))),0,1) -> 0 | AJ30: =IF(AI30=0,0,$AJ$9) -> 0 | AK30: =IF(AI30="","",IF(AI30=0,0,"×")) -> 0 | AL30: =IF(AI30=0,0,$AL$9) -> 0 | AM30: =IF(AI30=0,0, IF(AND(AH30>10,AH30<=13),55, IF(AND(AH30>13,AH30<=15),45, IF(AND(AH30>15,AH30<=18),35, IF(AND(AH30>18,AH30<=20),30, IF(AH30>20,15, 0)))))) -> 0 | AN30: =AH30+2*AI30*AJ30*(IF(AM30<25,1,IF(AM30>33,2,1.5))) -> 10.74 | AO30: =IF(OR(AI30=0,AN30<=10,AN30>23,AND(D30>1,F30<=10,OR(G30="ок",G30="мк"))),0,1) -> 0 | AP30: =IF(OR(AO30=0,AN30>23),0,$AP$9) -> 0 | AQ30: =IF(OR(AN30>23,AO30=0),0,"×") -> 0 | AR30: =IF(OR(AN30>23,AO30=0),0,$AR$9) -> 0 | AS30: =IF(AO30=0,0, IF(AND(AH30>10,AH30<=13),55, IF(AND(AH30>13,AH30<=15),45, IF(AND(AH30>15,AH30<=18),35, IF(AND(AH30>18,AH30<=20),30, IF(AND(AH30>20,AH30<=23),15, 0)))))) -> 0 | AT30: =AN30+2*AO30*AP30*(IF(AS30<25,1,IF(AS30>33,2,1.5))) -> 10.74 | AU30: =IF(OR(AI30=0,D30=1,AN30<=23),0,1) -> 0 | AV30: =IF(OR(AU30=0,AN30<=23),0,$AV$9) -> 0 | AW30: =IF(OR(AN30<=23,AU30=0),0,"×") -> 0 | AX30: =IF(OR(AN30<=23,AU30=0),0,$AX$9) -> 0 | AY30: =IF(AU30=0,0,15) -> 0 | AZ30: =AT30+2*AU30*AV30*(IF(AY30<25,1,IF(AY30>33,2,1.5))) -> 10.74 | BA30: =IF(BB30=0,0, IF(D30=1, (IF(AND(AH30>'Данные ТНПА'!#REF!,AH30<='Данные ТНПА'!#REF!),'Данные ТНПА'!#REF!, IF(AND(AH30>'Данные ТНПА'!#REF!,AH30<='Данные ТНПА'!#REF!),'Данные ТНПА'!#REF!, IF(AND(AH30>'Данные ТНПА'!#REF!,AH30<='Данные ТНПА'!#REF!),'Данные ТНПА'!#REF!, IF(AND(AH30>'Данные ТНПА'!#REF!,AH30<='Данные ТНПА'!#REF!),'Данные ТНПА'!#REF!, IF(AND(AH30>'Данные ТНПА'!#REF!,AH30<='Данные ТНПА'!#REF!),'Данные ТНПА'!#REF!, IF(AND(AH30>'Данные ТНПА'!#REF!,AH30<='Данные ТНПА'!#REF!),'Данные ТНПА'!#REF!, "ошибка_1"))))))), IF(AND(AH30>'Данные ТНПА'!#REF!,AH30<='Данные ТНПА'!#REF!),'Данные ТНПА'!#REF!, IF(AND(AH30>'Данные ТНПА'!#REF!,AH30<='Данные ТНПА'!#REF!),'Данные ТНПА'!#REF!, IF(AND(AH30>'Данные ТНПА'!#REF!,AH30<='Данные ТНПА'!#REF!),'Данные ТНПА'!#REF!, IF(AND(AH30>'Данные ТНПА'!#REF!,AH30<='Данные ТНПА'!#REF!),'Данные ТНПА'!#REF!, IF(AND(AH30>'Данные ТНПА'!#REF!,AH30<='Данные ТНПА'!#REF!),'Данные ТНПА'!#REF!, IF(AND(AH30>'Данные ТНПА'!#REF!,AH30<='Данные ТНПА'!#REF!),'Данные ТНПА'!#REF!, "ошибка_2")))))))) -> 0 | BB30: =IF(OR($AI$9=0,AND(D30>1,F30>10)),0, IF(D30=1, (IF(AND(AH30>'Данные ТНПА'!#REF!,AH30<='Данные ТНПА'!#REF!),'Данные ТНПА'!#REF!, IF(AND(AH30>'Данные ТНПА'!#REF!,AH30<='Данные ТНПА'!#REF!),'Данные ТНПА'!#REF!, IF(AND(AH30>'Данные ТНПА'!#REF!,AH30<='Данные ТНПА'!#REF!),'Данные ТНПА'!#REF!, IF(AND(AH30>'Данные ТНПА'!#REF!,AH30<='Данные ТНПА'!#REF!),'Данные ТНПА'!#REF!, IF(AND(AH30>'Данные ТНПА'!#REF!,AH30<='Данные ТНПА'!#REF!),'Данные ТНПА'!#REF!, IF(AND(AH30>'Данные ТНПА'!#REF!,AH30<='Данные ТНПА'!#REF!),'Данные ТНПА'!#REF!, "ошибка_1"))))))), IF(AND(AH30>'Данные ТНПА'!#REF!,AH30<='Данные ТНПА'!#REF!),'Данные ТНПА'!#REF!, IF(AND(AH30>'Данные ТНПА'!#REF!,AH30<='Данные ТНПА'!#REF!),'Данные ТНПА'!#REF!, IF(AND(AH30>'Данные ТНПА'!#REF!,AH30<='Данные ТНПА'!#REF!),'Данные ТНПА'!#REF!, IF(AND(AH30>'Данные ТНПА'!#REF!,AH30<='Данные ТНПА'!#REF!),'Данные ТНПА'!#REF!, IF(AND(AH30>'Данные ТНПА'!#REF!,AH30<='Данные ТНПА'!#REF!),'Данные ТНПА'!#REF!, IF(AND(AH30>'Данные ТНПА'!#REF!,AH30<='Данные ТНПА'!#REF!),'Данные ТНПА'!#REF!, "ошибка_2")))))))) -> 0 | BC30: =AZ30+2*BB30 -> 10.74 | BD30: =IF(BC30="","", IF(BC30=0,0,$BD$9)) -> 0 | BE30: =IF(BC30="","", IF(BC30=0,0,$BE$9)) -> 0 | BF30: =IF(BC30="","", IF($BD$9=0,0, IF(BC30<=13,20, IF(AND(BC30>13,BC30<=18),30, IF(AND(BC30>18,BC30<=23),40, IF(AND(BC30>23,BC30<=30),50, 60)))))) -> 0 | BG30: =IF(BC30="","",$BG$9) -> 0 | BH30: =IF(BC30="","",BC30+2*BD30*BE30*IF(BG30<=25,1,IF(BG30>33,2,1.5))) -> 10.74 | BI30: =IF(BC30="","",$BI$9) -> 0 | BJ30: =IF(BC30="","",$BJ$9) -> 0 | BK30: =IF(BJ30="","",IF(BJ30<>0,"×",0)) -> 0 | BL30: =IF(BK30="","", IF(BJ30<>0, IF(AND(BC30>7,BC30<=10),15, IF(AND(BC30>10,BC30<=13),20, IF(AND(BC30>13,BC30<=21),30, IF(AND(BC30>21,BC30<=31),40, IF(AND(BC30>31,BC30<=70),50, IF(AND(BC30>70,BC30<=80),60, "ошибка")))))),0)) -> 0 | BM30: =IF(BL30="","",$BM$9) -> 0 | BN30: =IF(BH30="","",BH30+2*BI30*BJ30) -> 10.74 | BO30: =IF(BN30="","",$BO$9) -> 0 | BP30: =IF(BO30="","",IF(BO30>0,$BP$9,0)) -> 0 | BQ30: =IF(BP30="","",IF(BP30>0,"×","")) | BR30: =IF(BN30="","",IF(BO30=0,0,IF(BN30<=19,30,IF(AND(BN30>19,BN30<=23),40,50)))) -> 0 | BS30: =IF(BO30="","",IF(BO30=0,0,$BS$9)) -> 0 | BT30: =IF(BN30="","",BN30+2*BO30*BP30*IF(BS30<=25,1,IF(BS30>33,2,1.5))) -> 10.74 | BU30: =0.85*BV30-0.1 -> 1.175 | BV30: =IF(BT30="","", IF(AND(BT30>'Данные ТНПА'!$K$8,BT30<='Данные ТНПА'!$L$8),'Данные ТНПА'!$N$8, IF(AND(BT30>'Данные ТНПА'!$K$9,BT30<='Данные ТНПА'!$L$9),'Данные ТНПА'!$N$9, IF(AND(BT30>'Данные ТНПА'!$K$10,BT30<='Данные ТНПА'!$L$10),'Данные ТНПА'!$N$10, IF(AND(BT30>'Данные ТНПА'!$K$11,BT30<='Данные ТНПА'!$L$11),'Данные ТНПА'!$N$11, IF(AND(BT30>'Данные ТНПА'!$K$12,BT30<='Данные ТНПА'!$L$12),'Данные ТНПА'!$N$12, IF(AND(BT30>'Данные ТНПА'!$K$13,BT30<='Данные ТНПА'!$L$13),'Данные ТНПА'!$N$13, IF(AND(BT30>'Данные ТНПА'!$K$14,BT30<='Данные ТНПА'!$L$14),'Данные ТНПА'!$N$14)))))))) -> 1.5 | BW30: =BT30+2*BV30 -> 13.74 | BX30: =IF(C30="а",F30*$BX$9*D30*IF(D30>1,1.007,1),0) -> 0 | BY30: =IF(C30="а",0,F30*$BY$9*D30*IF(D30>1,1.007,1)) -> 179.0446 | BZ30: =IF(G30="мс",PI()*(P30/PI()+R30)*R30*$BZ$9*1.13*D30*1.007, PI()*(IF(I30=1,K30,L30)+R30)*R30*$BZ$9*D30*IF(D30>1,1.007,1)*IF(I30=1,1,(IF(F30>=4,1.1,1.07)))) -> 34.108622 | CA30: =PI()*POWER(Y30,2)/4*$CA$9 -> #REF! | CB30: =IF(AA30="","", IF(AA30=2,SQRT((Z30*PI()/50)^2+1)*$CB$9*AA30,0)) -> 0 | CC30: =PI()*(Z30+AC30*AD30)*AC30*AD30*$CC$9*ROUND(100/(100-AG30),2) -> 0 | CD30: =PI()*(AH30+AI30*AJ30)*AI30*AJ30*$CD$9*ROUND(100/(100-AM30),2) -> 0 | CE30: =PI()*(AN30+AO30*AP30)*AO30*AP30*$CE$9*ROUND(100/(100-AS30),2) -> 0 | CF30: =PI()*(AT30+AU30*AV30)*AU30*AV30*$CF$9*ROUND(100/(100-AY30),2) -> 0 | CG30: =IF(CB30="","", IF(BB30=0,0, IF(AND(G30="мс",AC30=0),(PI()*BC30^2/4-D30*(O30+PI()*(P30/PI()+R30)*R30)-((POWER((N30+R30),2)*(D30*TAN(PI()*((D30-2)/(2*D30)))-(PI()*(D30-2)/2)))))*$CG$9, IF(AND(D30>1,OR(G30="ок",G30="мк")),(PI()*BC30^2/4-PI()*V30^2*(D30+2)/8-D30*(SIN(PI()*(D30-2)/D30))/2*(AB30/2-V30/2)^2)*$CG$9, PI()*(AB30+BB30)*BB30*1.07*$CG$9)))) -> 0 | CH30: =IF(BE30="","", IF(BD30=0,0, PI()*(BC30+BD30*BE30)*BD30*BE30*$CH$9*ROUND(100/(100-BG30),2))) -> 0 | CI30: =IF(BH30="","", PI()*(BH30+BI30*BJ30)*BI30*BJ30*$CI$9*ROUND(100/(100+BM30),2)) -> 0 | CJ30: =IF(BO30="","",PI()*(BN30+BO30*BP30)*BO30*BP30*$CJ$9*ROUND(100/(100-BS30),2)) -> 0 | CK30: =PI()*(BT30+BV30)*BV30*IF($BI$9>0,1.1,1.04)*$CK$9 -> 83.981557 | CL30: =BX30+BY30+BZ30+CK30 -> 297.13478
A31: =IF(D31="",CONCATENATE("Кабель ",IF(C31="а","А",""),$A$9),CONCATENATE("Кабель ",IF(C31="а","А",""),$A$9," ",D31,"*",F31,IF(G31="ок"," (ож)","")," - ",B31," ",IF(G31="мс"," фас. ",""),$A$2)) -> Кабель ВВГ 2*16 (ож) - 0,66 ГОСТ 16442-80 | B31: 0.66 | D31: 2 | E31: × | F31: 16 | G31: ок | H31: 4.52 | I31: 1 | J31: × | K31: =ROUNDUP(SQRT(F31/PI()*4),2) -> 4.52 | L31: 6.68 | Q31: =0.9*R31-0.1 -> 0.71 | R31: =IF(B31=0.66,VLOOKUP(F31,'Данные ТНПА'!$B$8:$C$16,2,0), IF(B31=1,VLOOKUP(F31,'Данные ТНПА'!$B$17:$C$37,2,0),"ошибка")) -> 0.9 | S31: =IF(I31=1,K31+2*Q31,L31+2*Q31) -> 5.94 | V31: =IF(I31=1,K31+2*R31,L31+2*R31) -> 6.32 | Y31: =IF(V31="","",ROUND(V31*IF(AND(D31=4,F31>16),0.414,IF(D31=5,0.702,0)),1)) -> 0 | Z31: =IF(R31="","", IF(G31="мс",2*(V31+(N31+R31)*(1/COS(PI()*(D31-2)/(2*D31))-1)), IF(D31=1,V31*1,IF(D31=2,V31*2,IF(D31=3,V31*2.15,IF(D31=4,V31*2.41,IF(D31=5,V31*2.7,"ошибка"))))))) -> 12.64 | AA31: =IF(G31="","",IF(G31="мс",$AA$9,0)) -> 0 | AB31: =IF(Z31="","",Z31) -> 12.64 | AC31: =IF(G31="","",IF(G31="мс",$AC$9,0)) -> 0 | AD31: =IF(AC31="","",IF(AC31>0,IF(AND(Z31>=10,Z31<=20),0.035,IF(Z31>20,0.05,"ошибка")),0)) -> 0 | AE31: =IF(Z31="","",IF(AND(G31="мс",AC31>0),"×","")) | AF31: =IF(AC31="","",IF(AC31>0,IF(AND(Z31>=10,Z31<=20),50,IF(Z31>20,60,"ошибка")),0)) -> 0 | AG31: =IF(AC31="","",IF(AC31>0,IF(AND(Z31>=10,Z31<=13),40,IF(AND(Z31>=13,Z31<=16),30,IF(Z31>16,25,"ошибка"))),0)) -> 0 | AH31: =IF(Z31="","",IF(AND(G31="мс",AC31>0),Z31+2*AC31*AD31*IF(AG31<=25,1,IF(AG31>33,2,1.5)),Z31)) -> 12.64 | AI31: =IF(OR($AI$9=0,AH31<=10,D31=1,AND(D31>1,F31<=10,OR(G31="ок",G31="мк"))),0,1) -> 0 | AJ31: =IF(AI31=0,0,$AJ$9) -> 0 | AK31: =IF(AI31="","",IF(AI31=0,0,"×")) -> 0 | AL31: =IF(AI31=0,0,$AL$9) -> 0 | AM31: =IF(AI31=0,0, IF(AND(AH31>10,AH31<=13),55, IF(AND(AH31>13,AH31<=15),45, IF(AND(AH31>15,AH31<=18),35, IF(AND(AH31>18,AH31<=20),30, IF(AH31>20,15, 0)))))) -> 0 | AN31: =AH31+2*AI31*AJ31*(IF(AM31<25,1,IF(AM31>33,2,1.5))) -> 12.64 | AO31: =IF(OR(AI31=0,AN31<=10,AN31>23,AND(D31>1,F31<=10,OR(G31="ок",G31="мк"))),0,1) -> 0 | AP31: =IF(OR(AO31=0,AN31>23),0,$AP$9) -> 0 | AQ31: =IF(OR(AN31>23,AO31=0),0,"×") -> 0 | AR31: =IF(OR(AN31>23,AO31=0),0,$AR$9) -> 0 | AS31: =IF(AO31=0,0, IF(AND(AH31>10,AH31<=13),55, IF(AND(AH31>13,AH31<=15),45, IF(AND(AH31>15,AH31<=18),35, IF(AND(AH31>18,AH31<=20),30, IF(AND(AH31>20,AH31<=23),15, 0)))))) -> 0 | AT31: =AN31+2*AO31*AP31*(IF(AS31<25,1,IF(AS31>33,2,1.5))) -> 12.64 | AU31: =IF(OR(AI31=0,D31=1,AN31<=23),0,1) -> 0 | AV31: =IF(OR(AU31=0,AN31<=23),0,$AV$9) -> 0 | AW31: =IF(OR(AN31<=23,AU31=0),0,"×") -> 0 | AX31: =IF(OR(AN31<=23,AU31=0),0,$AX$9) -> 0 | AY31: =IF(AU31=0,0,15) -> 0 | AZ31: =AT31+2*AU31*AV31*(IF(AY31<25,1,IF(AY31>33,2,1.5))) -> 12.64 | BA31: =IF(BB31=0,0, IF(D31=1, (IF(AND(AH31>'Данные ТНПА'!#REF!,AH31<='Данные ТНПА'!#REF!),'Данные ТНПА'!#REF!, IF(AND(AH31>'Данные ТНПА'!#REF!,AH31<='Данные ТНПА'!#REF!),'Данные ТНПА'!#REF!, IF(AND(AH31>'Данные ТНПА'!#REF!,AH31<='Данные ТНПА'!#REF!),'Данные ТНПА'!#REF!, IF(AND(AH31>'Данные ТНПА'!#REF!,AH31<='Данные ТНПА'!#REF!),'Данные ТНПА'!#REF!, IF(AND(AH31>'Данные ТНПА'!#REF!,AH31<='Данные ТНПА'!#REF!),'Данные ТНПА'!#REF!, IF(AND(AH31>'Данные ТНПА'!#REF!,AH31<='Данные ТНПА'!#REF!),'Данные ТНПА'!#REF!, "ошибка_1"))))))), IF(AND(AH31>'Данные ТНПА'!#REF!,AH31<='Данные ТНПА'!#REF!),'Данные ТНПА'!#REF!, IF(AND(AH31>'Данные ТНПА'!#REF!,AH31<='Данные ТНПА'!#REF!),'Данные ТНПА'!#REF!, IF(AND(AH31>'Данные ТНПА'!#REF!,AH31<='Данные ТНПА'!#REF!),'Данные ТНПА'!#REF!, IF(AND(AH31>'Данные ТНПА'!#REF!,AH31<='Данные ТНПА'!#REF!),'Данные ТНПА'!#REF!, IF(AND(AH31>'Данные ТНПА'!#REF!,AH31<='Данные ТНПА'!#REF!),'Данные ТНПА'!#REF!, IF(AND(AH31>'Данные ТНПА'!#REF!,AH31<='Данные ТНПА'!#REF!),'Данные ТНПА'!#REF!, "ошибка_2")))))))) -> 0 | BB31: =IF(OR($AI$9=0,AND(D31>1,F31>10)),0, IF(D31=1, (IF(AND(AH31>'Данные ТНПА'!#REF!,AH31<='Данные ТНПА'!#REF!),'Данные ТНПА'!#REF!, IF(AND(AH31>'Данные ТНПА'!#REF!,AH31<='Данные ТНПА'!#REF!),'Данные ТНПА'!#REF!, IF(AND(AH31>'Данные ТНПА'!#REF!,AH31<='Данные ТНПА'!#REF!),'Данные ТНПА'!#REF!, IF(AND(AH31>'Данные ТНПА'!#REF!,AH31<='Данные ТНПА'!#REF!),'Данные ТНПА'!#REF!, IF(AND(AH31>'Данные ТНПА'!#REF!,AH31<='Данные ТНПА'!#REF!),'Данные ТНПА'!#REF!, IF(AND(AH31>'Данные ТНПА'!#REF!,AH31<='Данные ТНПА'!#REF!),'Данные ТНПА'!#REF!, "ошибка_1"))))))), IF(AND(AH31>'Данные ТНПА'!#REF!,AH31<='Данные ТНПА'!#REF!),'Данные ТНПА'!#REF!, IF(AND(AH31>'Данные ТНПА'!#REF!,AH31<='Данные ТНПА'!#REF!),'Данные ТНПА'!#REF!, IF(AND(AH31>'Данные ТНПА'!#REF!,AH31<='Данные ТНПА'!#REF!),'Данные ТНПА'!#REF!, IF(AND(AH31>'Данные ТНПА'!#REF!,AH31<='Данные ТНПА'!#REF!),'Данные ТНПА'!#REF!, IF(AND(AH31>'Данные ТНПА'!#REF!,AH31<='Данные ТНПА'!#REF!),'Данные ТНПА'!#REF!, IF(AND(AH31>'Данные ТНПА'!#REF!,AH31<='Данные ТНПА'!#REF!),'Данные ТНПА'!#REF!, "ошибка_2")))))))) -> 0 | BC31: =AZ31+2*BB31 -> 12.64 | BD31: =IF(BC31="","", IF(BC31=0,0,$BD$9)) -> 0 | BE31: =IF(BC31="","", IF(BC31=0,0,$BE$9)) -> 0 | BF31: =IF(BC31="","", IF($BD$9=0,0, IF(BC31<=13,20, IF(AND(BC31>13,BC31<=18),30, IF(AND(BC31>18,BC31<=23),40, IF(AND(BC31>23,BC31<=30),50, 60)))))) -> 0 | BG31: =IF(BC31="","",$BG$9) -> 0 | BH31: =IF(BC31="","",BC31+2*BD31*BE31*IF(BG31<=25,1,IF(BG31>33,2,1.5))) -> 12.64 | BI31: =IF(BC31="","",$BI$9) -> 0 | BJ31: =IF(BC31="","",$BJ$9) -> 0 | BK31: =IF(BJ31="","",IF(BJ31<>0,"×",0)) -> 0 | BL31: =IF(BK31="","", IF(BJ31<>0, IF(AND(BC31>7,BC31<=10),15, IF(AND(BC31>10,BC31<=13),20, IF(AND(BC31>13,BC31<=21),30, IF(AND(BC31>21,BC31<=31),40, IF(AND(BC31>31,BC31<=70),50, IF(AND(BC31>70,BC31<=80),60, "ошибка")))))),0)) -> 0 | BM31: =IF(BL31="","",$BM$9) -> 0 | BN31: =IF(BH31="","",BH31+2*BI31*BJ31) -> 12.64 | BO31: =IF(BN31="","",$BO$9) -> 0 | BP31: =IF(BO31="","",IF(BO31>0,$BP$9,0)) -> 0 | BQ31: =IF(BP31="","",IF(BP31>0,"×","")) | BR31: =IF(BN31="","",IF(BO31=0,0,IF(BN31<=19,30,IF(AND(BN31>19,BN31<=23),40,50)))) -> 0 | BS31: =IF(BO31="","",IF(BO31=0,0,$BS$9)) -> 0 | BT31: =IF(BN31="","",BN31+2*BO31*BP31*IF(BS31<=25,1,IF(BS31>33,2,1.5))) -> 12.64 | BU31: =0.85*BV31-0.1 -> 1.175 | BV31: =IF(BT31="","", IF(AND(BT31>'Данные ТНПА'!$K$8,BT31<='Данные ТНПА'!$L$8),'Данные ТНПА'!$N$8, IF(AND(BT31>'Данные ТНПА'!$K$9,BT31<='Данные ТНПА'!$L$9),'Данные ТНПА'!$N$9, IF(AND(BT31>'Данные ТНПА'!$K$10,BT31<='Данные ТНПА'!$L$10),'Данные ТНПА'!$N$10, IF(AND(BT31>'Данные ТНПА'!$K$11,BT31<='Данные ТНПА'!$L$11),'Данные ТНПА'!$N$11, IF(AND(BT31>'Данные ТНПА'!$K$12,BT31<='Данные ТНПА'!$L$12),'Данные ТНПА'!$N$12, IF(AND(BT31>'Данные ТНПА'!$K$13,BT31<='Данные ТНПА'!$L$13),'Данные ТНПА'!$N$13, IF(AND(BT31>'Данные ТНПА'!$K$14,BT31<='Данные ТНПА'!$L$14),'Данные ТНПА'!$N$14)))))))) -> 1.5 | BW31: =BT31+2*BV31 -> 15.64 | BX31: =IF(C31="а",F31*$BX$9*D31*IF(D31>1,1.007,1),0) -> 0 | BY31: =IF(C31="а",0,F31*$BY$9*D31*IF(D31>1,1.007,1)) -> 286.47136 | BZ31: =IF(G31="мс",PI()*(P31/PI()+R31)*R31*$BZ$9*1.13*D31*1.007, PI()*(IF(I31=1,K31,L31)+R31)*R31*$BZ$9*D31*IF(D31>1,1.007,1)*IF(I31=1,1,(IF(F31>=4,1.1,1.07)))) -> 41.357658 | CA31: =PI()*POWER(Y31,2)/4*$CA$9 -> #REF! | CB31: =IF(AA31="","", IF(AA31=2,SQRT((Z31*PI()/50)^2+1)*$CB$9*AA31,0)) -> 0 | CC31: =PI()*(Z31+AC31*AD31)*AC31*AD31*$CC$9*ROUND(100/(100-AG31),2) -> 0 | CD31: =PI()*(AH31+AI31*AJ31)*AI31*AJ31*$CD$9*ROUND(100/(100-AM31),2) -> 0 | CE31: =PI()*(AN31+AO31*AP31)*AO31*AP31*$CE$9*ROUND(100/(100-AS31),2) -> 0 | CF31: =PI()*(AT31+AU31*AV31)*AU31*AV31*$CF$9*ROUND(100/(100-AY31),2) -> 0 | CG31: =IF(CB31="","", IF(BB31=0,0, IF(AND(G31="мс",AC31=0),(PI()*BC31^2/4-D31*(O31+PI()*(P31/PI()+R31)*R31)-((POWER((N31+R31),2)*(D31*TAN(PI()*((D31-2)/(2*D31)))-(PI()*(D31-2)/2)))))*$CG$9, IF(AND(D31>1,OR(G31="ок",G31="мк")),(PI()*BC31^2/4-PI()*V31^2*(D31+2)/8-D31*(SIN(PI()*(D31-2)/D31))/2*(AB31/2-V31/2)^2)*$CG$9, PI()*(AB31+BB31)*BB31*1.07*$CG$9)))) -> 0 | CH31: =IF(BE31="","", IF(BD31=0,0, PI()*(BC31+BD31*BE31)*BD31*BE31*$CH$9*ROUND(100/(100-BG31),2))) -> 0 | CI31: =IF(BH31="","", PI()*(BH31+BI31*BJ31)*BI31*BJ31*$CI$9*ROUND(100/(100+BM31),2)) -> 0 | CJ31: =IF(BO31="","",PI()*(BN31+BO31*BP31)*BO31*BP31*$CJ$9*ROUND(100/(100-BS31),2)) -> 0 | CK31: =PI()*(BT31+BV31)*BV31*IF($BI$9>0,1.1,1.04)*$CK$9 -> 97.01791 | CL31: =BX31+BY31+BZ31+CK31 -> 424.84693
A32: =IF(D32="",CONCATENATE("Кабель ",IF(C32="а","А",""),$A$9),CONCATENATE("Кабель ",IF(C32="а","А",""),$A$9," ",D32,"*",F32,IF(G32="ок"," (ож)","")," - ",B32," ",IF(G32="мс"," фас. ",""),$A$2)) -> Кабель ВВГ 2*25 (ож) - 0,66 ГОСТ 16442-80 | B32: 0.66 | D32: 2 | E32: × | F32: 25 | G32: ок | H32: 5.65 | I32: 1 | J32: × | K32: =ROUNDUP(SQRT(F32/PI()*4),2) -> 5.65 | L32: 7.1 | Q32: =0.9*R32-0.1 -> 0.89 | R32: =IF(B32=0.66,VLOOKUP(F32,'Данные ТНПА'!$B$8:$C$16,2,0), IF(B32=1,VLOOKUP(F32,'Данные ТНПА'!$B$17:$C$37,2,0),"ошибка")) -> 1.1 | S32: =IF(I32=1,K32+2*Q32,L32+2*Q32) -> 7.43 | V32: =IF(I32=1,K32+2*R32,L32+2*R32) -> 7.85 | Y32: =IF(V32="","",ROUND(V32*IF(AND(D32=4,F32>16),0.414,IF(D32=5,0.702,0)),1)) -> 0 | Z32: =IF(R32="","", IF(G32="мс",2*(V32+(N32+R32)*(1/COS(PI()*(D32-2)/(2*D32))-1)), IF(D32=1,V32*1,IF(D32=2,V32*2,IF(D32=3,V32*2.15,IF(D32=4,V32*2.41,IF(D32=5,V32*2.7,"ошибка"))))))) -> 15.7 | AA32: =IF(G32="","",IF(G32="мс",$AA$9,0)) -> 0 | AB32: =IF(Z32="","",Z32) -> 15.7 | AC32: =IF(G32="","",IF(G32="мс",$AC$9,0)) -> 0 | AD32: =IF(AC32="","",IF(AC32>0,IF(AND(Z32>=10,Z32<=20),0.035,IF(Z32>20,0.05,"ошибка")),0)) -> 0 | AE32: =IF(Z32="","",IF(AND(G32="мс",AC32>0),"×","")) | AF32: =IF(AC32="","",IF(AC32>0,IF(AND(Z32>=10,Z32<=20),50,IF(Z32>20,60,"ошибка")),0)) -> 0 | AG32: =IF(AC32="","",IF(AC32>0,IF(AND(Z32>=10,Z32<=13),40,IF(AND(Z32>=13,Z32<=16),30,IF(Z32>16,25,"ошибка"))),0)) -> 0 | AH32: =IF(Z32="","",IF(AND(G32="мс",AC32>0),Z32+2*AC32*AD32*IF(AG32<=25,1,IF(AG32>33,2,1.5)),Z32)) -> 15.7 | AI32: =IF(OR($AI$9=0,AH32<=10,D32=1,AND(D32>1,F32<=10,OR(G32="ок",G32="мк"))),0,1) -> 0 | AJ32: =IF(AI32=0,0,$AJ$9) -> 0 | AK32: =IF(AI32="","",IF(AI32=0,0,"×")) -> 0 | AL32: =IF(AI32=0,0,$AL$9) -> 0 | AM32: =IF(AI32=0,0, IF(AND(AH32>10,AH32<=13),55, IF(AND(AH32>13,AH32<=15),45, IF(AND(AH32>15,AH32<=18),35, IF(AND(AH32>18,AH32<=20),30, IF(AH32>20,15, 0)))))) -> 0 | AN32: =AH32+2*AI32*AJ32*(IF(AM32<25,1,IF(AM32>33,2,1.5))) -> 15.7 | AO32: =IF(OR(AI32=0,AN32<=10,AN32>23,AND(D32>1,F32<=10,OR(G32="ок",G32="мк"))),0,1) -> 0 | AP32: =IF(OR(AO32=0,AN32>23),0,$AP$9) -> 0 | AQ32: =IF(OR(AN32>23,AO32=0),0,"×") -> 0 | AR32: =IF(OR(AN32>23,AO32=0),0,$AR$9) -> 0 | AS32: =IF(AO32=0,0, IF(AND(AH32>10,AH32<=13),55, IF(AND(AH32>13,AH32<=15),45, IF(AND(AH32>15,AH32<=18),35, IF(AND(AH32>18,AH32<=20),30, IF(AND(AH32>20,AH32<=23),15, 0)))))) -> 0 | AT32: =AN32+2*AO32*AP32*(IF(AS32<25,1,IF(AS32>33,2,1.5))) -> 15.7 | AU32: =IF(OR(AI32=0,D32=1,AN32<=23),0,1) -> 0 | AV32: =IF(OR(AU32=0,AN32<=23),0,$AV$9) -> 0 | AW32: =IF(OR(AN32<=23,AU32=0),0,"×") -> 0 | AX32: =IF(OR(AN32<=23,AU32=0),0,$AX$9) -> 0 | AY32: =IF(AU32=0,0,15) -> 0 | AZ32: =AT32+2*AU32*AV32*(IF(AY32<25,1,IF(AY32>33,2,1.5))) -> 15.7 | BA32: =IF(BB32=0,0, IF(D32=1, (IF(AND(AH32>'Данные ТНПА'!#REF!,AH32<='Данные ТНПА'!#REF!),'Данные ТНПА'!#REF!, IF(AND(AH32>'Данные ТНПА'!#REF!,AH32<='Данные ТНПА'!#REF!),'Данные ТНПА'!#REF!, IF(AND(AH32>'Данные ТНПА'!#REF!,AH32<='Данные ТНПА'!#REF!),'Данные ТНПА'!#REF!, IF(AND(AH32>'Данные ТНПА'!#REF!,AH32<='Данные ТНПА'!#REF!),'Данные ТНПА'!#REF!, IF(AND(AH32>'Данные ТНПА'!#REF!,AH32<='Данные ТНПА'!#REF!),'Данные ТНПА'!#REF!, IF(AND(AH32>'Данные ТНПА'!#REF!,AH32<='Данные ТНПА'!#REF!),'Данные ТНПА'!#REF!, "ошибка_1"))))))), IF(AND(AH32>'Данные ТНПА'!#REF!,AH32<='Данные ТНПА'!#REF!),'Данные ТНПА'!#REF!, IF(AND(AH32>'Данные ТНПА'!#REF!,AH32<='Данные ТНПА'!#REF!),'Данные ТНПА'!#REF!, IF(AND(AH32>'Данные ТНПА'!#REF!,AH32<='Данные ТНПА'!#REF!),'Данные ТНПА'!#REF!, IF(AND(AH32>'Данные ТНПА'!#REF!,AH32<='Данные ТНПА'!#REF!),'Данные ТНПА'!#REF!, IF(AND(AH32>'Данные ТНПА'!#REF!,AH32<='Данные ТНПА'!#REF!),'Данные ТНПА'!#REF!, IF(AND(AH32>'Данные ТНПА'!#REF!,AH32<='Данные ТНПА'!#REF!),'Данные ТНПА'!#REF!, "ошибка_2")))))))) -> 0 | BB32: =IF(OR($AI$9=0,AND(D32>1,F32>10)),0, IF(D32=1, (IF(AND(AH32>'Данные ТНПА'!#REF!,AH32<='Данные ТНПА'!#REF!),'Данные ТНПА'!#REF!, IF(AND(AH32>'Данные ТНПА'!#REF!,AH32<='Данные ТНПА'!#REF!),'Данные ТНПА'!#REF!, IF(AND(AH32>'Данные ТНПА'!#REF!,AH32<='Данные ТНПА'!#REF!),'Данные ТНПА'!#REF!, IF(AND(AH32>'Данные ТНПА'!#REF!,AH32<='Данные ТНПА'!#REF!),'Данные ТНПА'!#REF!, IF(AND(AH32>'Данные ТНПА'!#REF!,AH32<='Данные ТНПА'!#REF!),'Данные ТНПА'!#REF!, IF(AND(AH32>'Данные ТНПА'!#REF!,AH32<='Данные ТНПА'!#REF!),'Данные ТНПА'!#REF!, "ошибка_1"))))))), IF(AND(AH32>'Данные ТНПА'!#REF!,AH32<='Данные ТНПА'!#REF!),'Данные ТНПА'!#REF!, IF(AND(AH32>'Данные ТНПА'!#REF!,AH32<='Данные ТНПА'!#REF!),'Данные ТНПА'!#REF!, IF(AND(AH32>'Данные ТНПА'!#REF!,AH32<='Данные ТНПА'!#REF!),'Данные ТНПА'!#REF!, IF(AND(AH32>'Данные ТНПА'!#REF!,AH32<='Данные ТНПА'!#REF!),'Данные ТНПА'!#REF!, IF(AND(AH32>'Данные ТНПА'!#REF!,AH32<='Данные ТНПА'!#REF!),'Данные ТНПА'!#REF!, IF(AND(AH32>'Данные ТНПА'!#REF!,AH32<='Данные ТНПА'!#REF!),'Данные ТНПА'!#REF!, "ошибка_2")))))))) -> 0 | BC32: =AZ32+2*BB32 -> 15.7 | BD32: =IF(BC32="","", IF(BC32=0,0,$BD$9)) -> 0 | BE32: =IF(BC32="","", IF(BC32=0,0,$BE$9)) -> 0 | BF32: =IF(BC32="","", IF($BD$9=0,0, IF(BC32<=13,20, IF(AND(BC32>13,BC32<=18),30, IF(AND(BC32>18,BC32<=23),40, IF(AND(BC32>23,BC32<=30),50, 60)))))) -> 0 | BG32: =IF(BC32="","",$BG$9) -> 0 | BH32: =IF(BC32="","",BC32+2*BD32*BE32*IF(BG32<=25,1,IF(BG32>33,2,1.5))) -> 15.7 | BI32: =IF(BC32="","",$BI$9) -> 0 | BJ32: =IF(BC32="","",$BJ$9) -> 0 | BK32: =IF(BJ32="","",IF(BJ32<>0,"×",0)) -> 0 | BL32: =IF(BK32="","", IF(BJ32<>0, IF(AND(BC32>7,BC32<=10),15, IF(AND(BC32>10,BC32<=13),20, IF(AND(BC32>13,BC32<=21),30, IF(AND(BC32>21,BC32<=31),40, IF(AND(BC32>31,BC32<=70),50, IF(AND(BC32>70,BC32<=80),60, "ошибка")))))),0)) -> 0 | BM32: =IF(BL32="","",$BM$9) -> 0 | BN32: =IF(BH32="","",BH32+2*BI32*BJ32) -> 15.7 | BO32: =IF(BN32="","",$BO$9) -> 0 | BP32: =IF(BO32="","",IF(BO32>0,$BP$9,0)) -> 0 | BQ32: =IF(BP32="","",IF(BP32>0,"×","")) | BR32: =IF(BN32="","",IF(BO32=0,0,IF(BN32<=19,30,IF(AND(BN32>19,BN32<=23),40,50)))) -> 0 | BS32: =IF(BO32="","",IF(BO32=0,0,$BS$9)) -> 0 | BT32: =IF(BN32="","",BN32+2*BO32*BP32*IF(BS32<=25,1,IF(BS32>33,2,1.5))) -> 15.7 | BU32: =0.85*BV32-0.1 -> 1.345 | BV32: =IF(BT32="","", IF(AND(BT32>'Данные ТНПА'!$K$8,BT32<='Данные ТНПА'!$L$8),'Данные ТНПА'!$N$8, IF(AND(BT32>'Данные ТНПА'!$K$9,BT32<='Данные ТНПА'!$L$9),'Данные ТНПА'!$N$9, IF(AND(BT32>'Данные ТНПА'!$K$10,BT32<='Данные ТНПА'!$L$10),'Данные ТНПА'!$N$10, IF(AND(BT32>'Данные ТНПА'!$K$11,BT32<='Данные ТНПА'!$L$11),'Данные ТНПА'!$N$11, IF(AND(BT32>'Данные ТНПА'!$K$12,BT32<='Данные ТНПА'!$L$12),'Данные ТНПА'!$N$12, IF(AND(BT32>'Данные ТНПА'!$K$13,BT32<='Данные ТНПА'!$L$13),'Данные ТНПА'!$N$13, IF(AND(BT32>'Данные ТНПА'!$K$14,BT32<='Данные ТНПА'!$L$14),'Данные ТНПА'!$N$14)))))))) -> 1.7 | BW32: =BT32+2*BV32 -> 19.1 | BX32: =IF(C32="а",F32*$BX$9*D32*IF(D32>1,1.007,1),0) -> 0 | BY32: =IF(C32="а",0,F32*$BY$9*D32*IF(D32>1,1.007,1)) -> 447.6115 | BZ32: =IF(G32="мс",PI()*(P32/PI()+R32)*R32*$BZ$9*1.13*D32*1.007, PI()*(IF(I32=1,K32,L32)+R32)*R32*$BZ$9*D32*IF(D32>1,1.007,1)*IF(I32=1,1,(IF(F32>=4,1.1,1.07)))) -> 62.952154 | CA32: =PI()*POWER(Y32,2)/4*$CA$9 -> #REF! | CB32: =IF(AA32="","", IF(AA32=2,SQRT((Z32*PI()/50)^2+1)*$CB$9*AA32,0)) -> 0 | CC32: =PI()*(Z32+AC32*AD32)*AC32*AD32*$CC$9*ROUND(100/(100-AG32),2) -> 0 | CD32: =PI()*(AH32+AI32*AJ32)*AI32*AJ32*$CD$9*ROUND(100/(100-AM32),2) -> 0 | CE32: =PI()*(AN32+AO32*AP32)*AO32*AP32*$CE$9*ROUND(100/(100-AS32),2) -> 0 | CF32: =PI()*(AT32+AU32*AV32)*AU32*AV32*$CF$9*ROUND(100/(100-AY32),2) -> 0 | CG32: =IF(CB32="","", IF(BB32=0,0, IF(AND(G32="мс",AC32=0),(PI()*BC32^2/4-D32*(O32+PI()*(P32/PI()+R32)*R32)-((POWER((N32+R32),2)*(D32*TAN(PI()*((D32-2)/(2*D32)))-(PI()*(D32-2)/2)))))*$CG$9, IF(AND(D32>1,OR(G32="ок",G32="мк")),(PI()*BC32^2/4-PI()*V32^2*(D32+2)/8-D32*(SIN(PI()*(D32-2)/D32))/2*(AB32/2-V32/2)^2)*$CG$9, PI()*(AB32+BB32)*BB32*1.07*$CG$9)))) -> 0 | CH32: =IF(BE32="","", IF(BD32=0,0, PI()*(BC32+BD32*BE32)*BD32*BE32*$CH$9*ROUND(100/(100-BG32),2))) -> 0 | CI32: =IF(BH32="","", PI()*(BH32+BI32*BJ32)*BI32*BJ32*$CI$9*ROUND(100/(100+BM32),2)) -> 0 | CJ32: =IF(BO32="","",PI()*(BN32+BO32*BP32)*BO32*BP32*$CJ$9*ROUND(100/(100-BS32),2)) -> 0 | CK32: =PI()*(BT32+BV32)*BV32*IF($BI$9>0,1.1,1.04)*$CK$9 -> 135.30362 | CL32: =BX32+BY32+BZ32+CK32 -> 645.86727
A33: =IF(D33="",CONCATENATE("Кабель ",IF(C33="а","А",""),$A$9),CONCATENATE("Кабель ",IF(C33="а","А",""),$A$9," ",D33,"*",F33,IF(G33="ок"," (ож)","")," - ",B33," ",IF(G33="мс"," фас. ",""),$A$2)) -> Кабель ВВГ 2*35 (ож) - 0,66 ГОСТ 16442-80 | B33: 0.66 | D33: 2 | E33: × | F33: 35 | G33: ок | H33: 6.68 | I33: 1 | J33: × | K33: =ROUNDUP(SQRT(F33/PI()*4),2) -> 6.68 | L33: 8.15 | Q33: =0.9*R33-0.1 -> 0.89 | R33: =IF(B33=0.66,VLOOKUP(F33,'Данные ТНПА'!$B$8:$C$16,2,0), IF(B33=1,VLOOKUP(F33,'Данные ТНПА'!$B$17:$C$37,2,0),"ошибка")) -> 1.1 | S33: =IF(I33=1,K33+2*Q33,L33+2*Q33) -> 8.46 | V33: =IF(I33=1,K33+2*R33,L33+2*R33) -> 8.88 | Y33: =IF(V33="","",ROUND(V33*IF(AND(D33=4,F33>16),0.414,IF(D33=5,0.702,0)),1)) -> 0 | Z33: =IF(R33="","", IF(G33="мс",2*(V33+(N33+R33)*(1/COS(PI()*(D33-2)/(2*D33))-1)), IF(D33=1,V33*1,IF(D33=2,V33*2,IF(D33=3,V33*2.15,IF(D33=4,V33*2.41,IF(D33=5,V33*2.7,"ошибка"))))))) -> 17.76 | AA33: =IF(G33="","",IF(G33="мс",$AA$9,0)) -> 0 | AB33: =IF(Z33="","",Z33) -> 17.76 | AC33: =IF(G33="","",IF(G33="мс",$AC$9,0)) -> 0 | AD33: =IF(AC33="","",IF(AC33>0,IF(AND(Z33>=10,Z33<=20),0.035,IF(Z33>20,0.05,"ошибка")),0)) -> 0 | AE33: =IF(Z33="","",IF(AND(G33="мс",AC33>0),"×","")) | AF33: =IF(AC33="","",IF(AC33>0,IF(AND(Z33>=10,Z33<=20),50,IF(Z33>20,60,"ошибка")),0)) -> 0 | AG33: =IF(AC33="","",IF(AC33>0,IF(AND(Z33>=10,Z33<=13),40,IF(AND(Z33>=13,Z33<=16),30,IF(Z33>16,25,"ошибка"))),0)) -> 0 | AH33: =IF(Z33="","",IF(AND(G33="мс",AC33>0),Z33+2*AC33*AD33*IF(AG33<=25,1,IF(AG33>33,2,1.5)),Z33)) -> 17.76 | AI33: =IF(OR($AI$9=0,AH33<=10,D33=1,AND(D33>1,F33<=10,OR(G33="ок",G33="мк"))),0,1) -> 0 | AJ33: =IF(AI33=0,0,$AJ$9) -> 0 | AK33: =IF(AI33="","",IF(AI33=0,0,"×")) -> 0 | AL33: =IF(AI33=0,0,$AL$9) -> 0 | AM33: =IF(AI33=0,0, IF(AND(AH33>10,AH33<=13),55, IF(AND(AH33>13,AH33<=15),45, IF(AND(AH33>15,AH33<=18),35, IF(AND(AH33>18,AH33<=20),30, IF(AH33>20,15, 0)))))) -> 0 | AN33: =AH33+2*AI33*AJ33*(IF(AM33<25,1,IF(AM33>33,2,1.5))) -> 17.76 | AO33: =IF(OR(AI33=0,AN33<=10,AN33>23,AND(D33>1,F33<=10,OR(G33="ок",G33="мк"))),0,1) -> 0 | AP33: =IF(OR(AO33=0,AN33>23),0,$AP$9) -> 0 | AQ33: =IF(OR(AN33>23,AO33=0),0,"×") -> 0 | AR33: =IF(OR(AN33>23,AO33=0),0,$AR$9) -> 0 | AS33: =IF(AO33=0,0, IF(AND(AH33>10,AH33<=13),55, IF(AND(AH33>13,AH33<=15),45, IF(AND(AH33>15,AH33<=18),35, IF(AND(AH33>18,AH33<=20),30, IF(AND(AH33>20,AH33<=23),15, 0)))))) -> 0 | AT33: =AN33+2*AO33*AP33*(IF(AS33<25,1,IF(AS33>33,2,1.5))) -> 17.76 | AU33: =IF(OR(AI33=0,D33=1,AN33<=23),0,1) -> 0 | AV33: =IF(OR(AU33=0,AN33<=23),0,$AV$9) -> 0 | AW33: =IF(OR(AN33<=23,AU33=0),0,"×") -> 0 | AX33: =IF(OR(AN33<=23,AU33=0),0,$AX$9) -> 0 | AY33: =IF(AU33=0,0,15) -> 0 | AZ33: =AT33+2*AU33*AV33*(IF(AY33<25,1,IF(AY33>33,2,1.5))) -> 17.76 | BA33: =IF(BB33=0,0, IF(D33=1, (IF(AND(AH33>'Данные ТНПА'!#REF!,AH33<='Данные ТНПА'!#REF!),'Данные ТНПА'!#REF!, IF(AND(AH33>'Данные ТНПА'!#REF!,AH33<='Данные ТНПА'!#REF!),'Данные ТНПА'!#REF!, IF(AND(AH33>'Данные ТНПА'!#REF!,AH33<='Данные ТНПА'!#REF!),'Данные ТНПА'!#REF!, IF(AND(AH33>'Данные ТНПА'!#REF!,AH33<='Данные ТНПА'!#REF!),'Данные ТНПА'!#REF!, IF(AND(AH33>'Данные ТНПА'!#REF!,AH33<='Данные ТНПА'!#REF!),'Данные ТНПА'!#REF!, IF(AND(AH33>'Данные ТНПА'!#REF!,AH33<='Данные ТНПА'!#REF!),'Данные ТНПА'!#REF!, "ошибка_1"))))))), IF(AND(AH33>'Данные ТНПА'!#REF!,AH33<='Данные ТНПА'!#REF!),'Данные ТНПА'!#REF!, IF(AND(AH33>'Данные ТНПА'!#REF!,AH33<='Данные ТНПА'!#REF!),'Данные ТНПА'!#REF!, IF(AND(AH33>'Данные ТНПА'!#REF!,AH33<='Данные ТНПА'!#REF!),'Данные ТНПА'!#REF!, IF(AND(AH33>'Данные ТНПА'!#REF!,AH33<='Данные ТНПА'!#REF!),'Данные ТНПА'!#REF!, IF(AND(AH33>'Данные ТНПА'!#REF!,AH33<='Данные ТНПА'!#REF!),'Данные ТНПА'!#REF!, IF(AND(AH33>'Данные ТНПА'!#REF!,AH33<='Данные ТНПА'!#REF!),'Данные ТНПА'!#REF!, "ошибка_2")))))))) -> 0 | BB33: =IF(OR($AI$9=0,AND(D33>1,F33>10)),0, IF(D33=1, (IF(AND(AH33>'Данные ТНПА'!#REF!,AH33<='Данные ТНПА'!#REF!),'Данные ТНПА'!#REF!, IF(AND(AH33>'Данные ТНПА'!#REF!,AH33<='Данные ТНПА'!#REF!),'Данные ТНПА'!#REF!, IF(AND(AH33>'Данные ТНПА'!#REF!,AH33<='Данные ТНПА'!#REF!),'Данные ТНПА'!#REF!, IF(AND(AH33>'Данные ТНПА'!#REF!,AH33<='Данные ТНПА'!#REF!),'Данные ТНПА'!#REF!, IF(AND(AH33>'Данные ТНПА'!#REF!,AH33<='Данные ТНПА'!#REF!),'Данные ТНПА'!#REF!, IF(AND(AH33>'Данные ТНПА'!#REF!,AH33<='Данные ТНПА'!#REF!),'Данные ТНПА'!#REF!, "ошибка_1"))))))), IF(AND(AH33>'Данные ТНПА'!#REF!,AH33<='Данные ТНПА'!#REF!),'Данные ТНПА'!#REF!, IF(AND(AH33>'Данные ТНПА'!#REF!,AH33<='Данные ТНПА'!#REF!),'Данные ТНПА'!#REF!, IF(AND(AH33>'Данные ТНПА'!#REF!,AH33<='Данные ТНПА'!#REF!),'Данные ТНПА'!#REF!, IF(AND(AH33>'Данные ТНПА'!#REF!,AH33<='Данные ТНПА'!#REF!),'Данные ТНПА'!#REF!, IF(AND(AH33>'Данные ТНПА'!#REF!,AH33<='Данные ТНПА'!#REF!),'Данные ТНПА'!#REF!, IF(AND(AH33>'Данные ТНПА'!#REF!,AH33<='Данные ТНПА'!#REF!),'Данные ТНПА'!#REF!, "ошибка_2")))))))) -> 0 | BC33: =AZ33+2*BB33 -> 17.76 | BD33: =IF(BC33="","", IF(BC33=0,0,$BD$9)) -> 0 | BE33: =IF(BC33="","", IF(BC33=0,0,$BE$9)) -> 0 | BF33: =IF(BC33="","", IF($BD$9=0,0, IF(BC33<=13,20, IF(AND(BC33>13,BC33<=18),30, IF(AND(BC33>18,BC33<=23),40, IF(AND(BC33>23,BC33<=30),50, 60)))))) -> 0 | BG33: =IF(BC33="","",$BG$9) -> 0 | BH33: =IF(BC33="","",BC33+2*BD33*BE33*IF(BG33<=25,1,IF(BG33>33,2,1.5))) -> 17.76 | BI33: =IF(BC33="","",$BI$9) -> 0 | BJ33: =IF(BC33="","",$BJ$9) -> 0 | BK33: =IF(BJ33="","",IF(BJ33<>0,"×",0)) -> 0 | BL33: =IF(BK33="","", IF(BJ33<>0, IF(AND(BC33>7,BC33<=10),15, IF(AND(BC33>10,BC33<=13),20, IF(AND(BC33>13,BC33<=21),30, IF(AND(BC33>21,BC33<=31),40, IF(AND(BC33>31,BC33<=70),50, IF(AND(BC33>70,BC33<=80),60, "ошибка")))))),0)) -> 0 | BM33: =IF(BL33="","",$BM$9) -> 0 | BN33: =IF(BH33="","",BH33+2*BI33*BJ33) -> 17.76 | BO33: =IF(BN33="","",$BO$9) -> 0 | BP33: =IF(BO33="","",IF(BO33>0,$BP$9,0)) -> 0 | BQ33: =IF(BP33="","",IF(BP33>0,"×","")) | BR33: =IF(BN33="","",IF(BO33=0,0,IF(BN33<=19,30,IF(AND(BN33>19,BN33<=23),40,50)))) -> 0 | BS33: =IF(BO33="","",IF(BO33=0,0,$BS$9)) -> 0 | BT33: =IF(BN33="","",BN33+2*BO33*BP33*IF(BS33<=25,1,IF(BS33>33,2,1.5))) -> 17.76 | BU33: =0.85*BV33-0.1 -> 1.345 | BV33: =IF(BT33="","", IF(AND(BT33>'Данные ТНПА'!$K$8,BT33<='Данные ТНПА'!$L$8),'Данные ТНПА'!$N$8, IF(AND(BT33>'Данные ТНПА'!$K$9,BT33<='Данные ТНПА'!$L$9),'Данные ТНПА'!$N$9, IF(AND(BT33>'Данные ТНПА'!$K$10,BT33<='Данные ТНПА'!$L$10),'Данные ТНПА'!$N$10, IF(AND(BT33>'Данные ТНПА'!$K$11,BT33<='Данные ТНПА'!$L$11),'Данные ТНПА'!$N$11, IF(AND(BT33>'Данные ТНПА'!$K$12,BT33<='Данные ТНПА'!$L$12),'Данные ТНПА'!$N$12, IF(AND(BT33>'Данные ТНПА'!$K$13,BT33<='Данные ТНПА'!$L$13),'Данные ТНПА'!$N$13, IF(AND(BT33>'Данные ТНПА'!$K$14,BT33<='Данные ТНПА'!$L$14),'Данные ТНПА'!$N$14)))))))) -> 1.7 | BW33: =BT33+2*BV33 -> 21.16 | BX33: =IF(C33="а",F33*$BX$9*D33*IF(D33>1,1.007,1),0) -> 0 | BY33: =IF(C33="а",0,F33*$BY$9*D33*IF(D33>1,1.007,1)) -> 626.6561 | BZ33: =IF(G33="мс",PI()*(P33/PI()+R33)*R33*$BZ$9*1.13*D33*1.007, PI()*(IF(I33=1,K33,L33)+R33)*R33*$BZ$9*D33*IF(D33>1,1.007,1)*IF(I33=1,1,(IF(F33>=4,1.1,1.07)))) -> 72.558186 | CA33: =PI()*POWER(Y33,2)/4*$CA$9 -> #REF! | CB33: =IF(AA33="","", IF(AA33=2,SQRT((Z33*PI()/50)^2+1)*$CB$9*AA33,0)) -> 0 | CC33: =PI()*(Z33+AC33*AD33)*AC33*AD33*$CC$9*ROUND(100/(100-AG33),2) -> 0 | CD33: =PI()*(AH33+AI33*AJ33)*AI33*AJ33*$CD$9*ROUND(100/(100-AM33),2) -> 0 | CE33: =PI()*(AN33+AO33*AP33)*AO33*AP33*$CE$9*ROUND(100/(100-AS33),2) -> 0 | CF33: =PI()*(AT33+AU33*AV33)*AU33*AV33*$CF$9*ROUND(100/(100-AY33),2) -> 0 | CG33: =IF(CB33="","", IF(BB33=0,0, IF(AND(G33="мс",AC33=0),(PI()*BC33^2/4-D33*(O33+PI()*(P33/PI()+R33)*R33)-((POWER((N33+R33),2)*(D33*TAN(PI()*((D33-2)/(2*D33)))-(PI()*(D33-2)/2)))))*$CG$9, IF(AND(D33>1,OR(G33="ок",G33="мк")),(PI()*BC33^2/4-PI()*V33^2*(D33+2)/8-D33*(SIN(PI()*(D33-2)/D33))/2*(AB33/2-V33/2)^2)*$CG$9, PI()*(AB33+BB33)*BB33*1.07*$CG$9)))) -> 0 | CH33: =IF(BE33="","", IF(BD33=0,0, PI()*(BC33+BD33*BE33)*BD33*BE33*$CH$9*ROUND(100/(100-BG33),2))) -> 0 | CI33: =IF(BH33="","", PI()*(BH33+BI33*BJ33)*BI33*BJ33*$CI$9*ROUND(100/(100+BM33),2)) -> 0 | CJ33: =IF(BO33="","",PI()*(BN33+BO33*BP33)*BO33*BP33*$CJ$9*ROUND(100/(100-BS33),2)) -> 0 | CK33: =PI()*(BT33+BV33)*BV33*IF($BI$9>0,1.1,1.04)*$CK$9 -> 151.32232 | CL33: =BX33+BY33+BZ33+CK33 -> 850.53661
